date,ticker,permno,prc,vol,ret
2020-12-14,MSFT,10107,214.2,28724024.0,0.004408
2020-12-15,MSFT,10107,214.13,26979122.0,-0.000327
2020-12-16,MSFT,10107,219.28,34982749.0,0.024051
2020-12-17,MSFT,10107,219.42,32507555.0,0.000638
2020-12-18,MSFT,10107,218.59,63278405.0,-0.003783
2020-12-21,MSFT,10107,222.59,37130683.0,0.018299
2020-12-22,MSFT,10107,223.94,22625322.0,0.006065
2020-12-23,MSFT,10107,221.02,18662773.0,-0.013039
2020-12-24,MSFT,10107,222.75,10530152.0,0.007827
2020-12-28,MSFT,10107,224.96001,17896853.0,0.009921
2020-12-29,MSFT,10107,224.14999,17379372.0,-0.003601
2020-12-30,MSFT,10107,221.67999,20235782.0,-0.011019
2020-12-31,MSFT,10107,222.42,20916638.0,0.003338
2021-01-04,MSFT,10107,217.69,37089039.0,-0.021266
2021-01-05,MSFT,10107,217.89999,23794016.0,0.000965
2021-01-06,MSFT,10107,212.25,35861912.0,-0.025929
2021-01-07,MSFT,10107,218.28999,27659866.0,0.028457
2021-01-08,MSFT,10107,219.62,22914645.0,0.006093
2021-01-11,MSFT,10107,217.49001,23026750.0,-0.009699
2021-01-12,MSFT,10107,214.92999,23229822.0,-0.011771
2021-01-13,MSFT,10107,216.34,20069123.0,0.00656
2021-01-14,MSFT,10107,213.02,29812728.0,-0.015346
2021-01-15,MSFT,10107,212.64999,31704133.0,-0.001737
2021-01-19,MSFT,10107,216.44,30453173.0,0.017823
2021-01-20,MSFT,10107,224.34,37704943.0,0.0365
2021-01-21,MSFT,10107,224.97,30802424.0,0.002808
2021-01-22,MSFT,10107,225.95,30119838.0,0.004356
2021-01-25,MSFT,10107,229.53,33093539.0,0.015844
2021-01-26,MSFT,10107,232.33,49100737.0,0.012199
2021-01-27,MSFT,10107,232.89999,70670403.0,0.002453
2021-01-28,MSFT,10107,238.92999,49025266.0,0.025891
2021-01-29,MSFT,10107,231.96001,42435379.0,-0.029172
2021-02-01,MSFT,10107,239.64999,33252825.0,0.033152
2021-02-02,MSFT,10107,239.50999,25863078.0,-0.000584
2021-02-03,MSFT,10107,243.0,27060430.0,0.014571
2021-02-04,MSFT,10107,242.00999,25212368.0,-0.004074
2021-02-05,MSFT,10107,242.2,18009761.0,0.000785
2021-02-08,MSFT,10107,242.47,22167146.0,0.001115
2021-02-09,MSFT,10107,243.77,23540079.0,0.005362
2021-02-10,MSFT,10107,242.82001,22195371.0,-0.003897
2021-02-11,MSFT,10107,244.49001,15722796.0,0.006878
2021-02-12,MSFT,10107,244.99001,16540999.0,0.002045
2021-02-16,MSFT,10107,243.7,26695936.0,-0.005266
2021-02-17,MSFT,10107,244.2,21637364.0,0.00435
2021-02-18,MSFT,10107,243.78999,16910868.0,-0.001679
2021-02-19,MSFT,10107,240.97,25206105.0,-0.011567
2021-02-22,MSFT,10107,234.50999,36391945.0,-0.026808
2021-02-23,MSFT,10107,233.27,30163707.0,-0.005288
2021-02-24,MSFT,10107,234.55,26301783.0,0.005487
2021-02-25,MSFT,10107,228.99001,39462272.0,-0.023705
2021-02-26,MSFT,10107,232.38,37679175.0,0.014804
2021-03-01,MSFT,10107,236.94,25283556.0,0.019623
2021-03-02,MSFT,10107,233.87,22779932.0,-0.012957
2021-03-03,MSFT,10107,227.56,33926329.0,-0.026981
2021-03-04,MSFT,10107,226.73,44596506.0,-0.003647
2021-03-05,MSFT,10107,231.60001,41780603.0,0.021479
2021-03-08,MSFT,10107,227.39,35197716.0,-0.018178
2021-03-09,MSFT,10107,233.78,33022864.0,0.028102
2021-03-10,MSFT,10107,232.42,29675052.0,-0.005817
2021-03-11,MSFT,10107,237.13,29848828.0,0.020265
2021-03-12,MSFT,10107,235.75,22637291.0,-0.00582
2021-03-15,MSFT,10107,234.81,26011300.0,-0.003987
2021-03-16,MSFT,10107,237.71001,28042808.0,0.012351
2021-03-17,MSFT,10107,237.03999,29538537.0,-0.002819
2021-03-18,MSFT,10107,230.72,34810722.0,-0.026662
2021-03-19,MSFT,10107,230.35001,46375066.0,-0.001604
2021-03-22,MSFT,10107,235.99001,30097293.0,0.024485
2021-03-23,MSFT,10107,237.58,31668869.0,0.006738
2021-03-24,MSFT,10107,235.46001,25572321.0,-0.008923
2021-03-25,MSFT,10107,232.34,34032843.0,-0.013251
2021-03-26,MSFT,10107,236.48,25465939.0,0.017819
2021-03-29,MSFT,10107,235.24001,26270976.0,-0.005244
2021-03-30,MSFT,10107,231.85001,24756958.0,-0.014411
2021-03-31,MSFT,10107,235.77,43529147.0,0.016908
2021-04-01,MSFT,10107,242.35001,30310601.0,0.027909
2021-04-05,MSFT,10107,249.07001,36880414.0,0.027729
2021-04-06,MSFT,10107,247.86,22908156.0,-0.004858
2021-04-07,MSFT,10107,249.89999,22691053.0,0.00823
2021-04-08,MSFT,10107,253.25,23599367.0,0.013405
2021-04-09,MSFT,10107,255.85001,24289760.0,0.010267
2021-04-12,MSFT,10107,255.91,27111522.0,0.000235
2021-04-13,MSFT,10107,258.48999,23801741.0,0.010082
2021-04-14,MSFT,10107,255.59,23028434.0,-0.011219
2021-04-15,MSFT,10107,259.5,25608187.0,0.015298
2021-04-16,MSFT,10107,260.73999,24856583.0,0.004778
2021-04-19,MSFT,10107,258.73999,23183103.0,-0.00767
2021-04-20,MSFT,10107,258.26001,19700433.0,-0.001855
2021-04-21,MSFT,10107,260.57999,24134659.0,0.008983
2021-04-22,MSFT,10107,257.17001,25575599.0,-0.013086
2021-04-23,MSFT,10107,261.14999,21475411.0,0.015476
2021-04-26,MSFT,10107,261.54999,19728316.0,0.001532
2021-04-27,MSFT,10107,261.97,31011609.0,0.001606
2021-04-28,MSFT,10107,254.56,46821276.0,-0.028286
2021-04-29,MSFT,10107,252.50999,40541027.0,-0.008053
2021-04-30,MSFT,10107,252.17999,30878693.0,-0.001307
2021-05-03,MSFT,10107,251.86,19652087.0,-0.001269
2021-05-04,MSFT,10107,247.78999,32699654.0,-0.01616
2021-05-05,MSFT,10107,246.47,21876831.0,-0.005327
2021-05-06,MSFT,10107,249.73,26471720.0,0.013227
2021-05-07,MSFT,10107,252.46001,27000234.0,0.010932
2021-05-10,MSFT,10107,247.17999,29263666.0,-0.020914
2021-05-11,MSFT,10107,246.23,33610012.0,-0.003843
2021-05-12,MSFT,10107,239.0,36609390.0,-0.029363
2021-05-13,MSFT,10107,243.03,29590857.0,0.016862
2021-05-14,MSFT,10107,248.14999,24023474.0,0.021067
2021-05-17,MSFT,10107,245.17999,24942341.0,-0.011969
2021-05-18,MSFT,10107,243.08,20144534.0,-0.008565
2021-05-19,MSFT,10107,243.12,25711097.0,0.002468
2021-05-20,MSFT,10107,246.48,21768450.0,0.01382
2021-05-21,MSFT,10107,245.17,21922422.0,-0.005315
2021-05-24,MSFT,10107,250.78,21379095.0,0.022882
2021-05-25,MSFT,10107,251.72,17681986.0,0.003748
2021-05-26,MSFT,10107,251.49001,17762649.0,-0.000914
2021-05-27,MSFT,10107,249.31,24406475.0,-0.008668
2021-05-28,MSFT,10107,249.67999,18251898.0,0.001484
2021-06-01,MSFT,10107,247.39999,23190059.0,-0.009132
2021-06-02,MSFT,10107,247.3,19358103.0,-0.000404
2021-06-03,MSFT,10107,245.71001,25283978.0,-0.006429
2021-06-04,MSFT,10107,250.78999,25255797.0,0.020675
2021-06-07,MSFT,10107,253.81,23014222.0,0.012042
2021-06-08,MSFT,10107,252.57001,22423620.0,-0.004886
2021-06-09,MSFT,10107,253.59,17911747.0,0.004038
2021-06-10,MSFT,10107,257.23999,24548788.0,0.014393
2021-06-11,MSFT,10107,257.89001,18980823.0,0.002527
2021-06-14,MSFT,10107,259.89001,19127612.0,0.007755
2021-06-15,MSFT,10107,258.35999,18023474.0,-0.005887
2021-06-16,MSFT,10107,257.38,27179228.0,-0.003793
2021-06-17,MSFT,10107,260.89999,27535879.0,0.013676
2021-06-18,MSFT,10107,259.42999,37163285.0,-0.005634
2021-06-21,MSFT,10107,262.63,26676937.0,0.012335
2021-06-22,MSFT,10107,265.51001,24677909.0,0.010966
2021-06-23,MSFT,10107,265.27499,19501358.0,-0.000885
2021-06-24,MSFT,10107,266.69,21453273.0,0.005334
2021-06-25,MSFT,10107,265.01999,25585076.0,-0.006262
2021-06-28,MSFT,10107,268.72,19580167.0,0.013961
2021-06-29,MSFT,10107,271.39999,19921691.0,0.009973
2021-06-30,MSFT,10107,270.89999,21629418.0,-0.001842
2021-07-01,MSFT,10107,271.60001,16709942.0,0.002584
2021-07-02,MSFT,10107,277.64999,26445879.0,0.022275
2021-07-06,MSFT,10107,277.66,31529618.0,3.6e-05
2021-07-07,MSFT,10107,279.92999,23241653.0,0.008175
2021-07-08,MSFT,10107,277.42001,24599805.0,-0.008966
2021-07-09,MSFT,10107,277.94,23882069.0,0.001874
2021-07-12,MSFT,10107,277.32001,18910515.0,-0.002231
2021-07-13,MSFT,10107,280.98001,26089011.0,0.013198
2021-07-14,MSFT,10107,282.51001,23061882.0,0.005445
2021-07-15,MSFT,10107,281.03,22584004.0,-0.005239
2021-07-16,MSFT,10107,280.75,26145941.0,-0.000996
2021-07-19,MSFT,10107,277.01001,32889818.0,-0.013321
2021-07-20,MSFT,10107,279.32001,26230655.0,0.008339
2021-07-21,MSFT,10107,281.39999,24310747.0,0.007447
2021-07-22,MSFT,10107,286.14001,23354797.0,0.016844
2021-07-23,MSFT,10107,289.67001,22752136.0,0.012337
2021-07-26,MSFT,10107,289.04999,23125324.0,-0.00214
2021-07-27,MSFT,10107,286.54001,33545198.0,-0.008684
2021-07-28,MSFT,10107,286.22,33526643.0,-0.001117
2021-07-29,MSFT,10107,286.5,18104357.0,0.000978
2021-07-30,MSFT,10107,284.91,21039384.0,-0.00555
2021-08-02,MSFT,10107,284.82001,16243627.0,-0.000316
2021-08-03,MSFT,10107,287.12,17863351.0,0.008075
2021-08-04,MSFT,10107,286.51001,16163239.0,-0.002125
2021-08-05,MSFT,10107,289.51999,13885932.0,0.010506
2021-08-06,MSFT,10107,289.45999,16581352.0,-0.000207
2021-08-09,MSFT,10107,288.32999,16092239.0,-0.003904
2021-08-10,MSFT,10107,286.44,18598814.0,-0.006555
2021-08-11,MSFT,10107,286.95001,13941639.0,0.001781
2021-08-12,MSFT,10107,289.81,14561384.0,0.009967
2021-08-13,MSFT,10107,292.85001,18225649.0,0.01049
2021-08-16,MSFT,10107,294.60001,22503428.0,0.005976
2021-08-17,MSFT,10107,293.07999,20063307.0,-0.00516
2021-08-18,MSFT,10107,290.73001,21856020.0,-0.006107
2021-08-19,MSFT,10107,296.76999,29615933.0,0.020775
2021-08-20,MSFT,10107,304.35999,40955240.0,0.025575
2021-08-23,MSFT,10107,304.64999,22887929.0,0.000953
2021-08-24,MSFT,10107,302.62,18162940.0,-0.006663
2021-08-25,MSFT,10107,302.01001,20544370.0,-0.002016
2021-08-26,MSFT,10107,299.09,17644212.0,-0.009669
2021-08-27,MSFT,10107,299.72,22573063.0,0.002106
2021-08-30,MSFT,10107,303.59,16333264.0,0.012912
2021-08-31,MSFT,10107,301.88,26250159.0,-0.005633
2021-09-01,MSFT,10107,301.82999,18958615.0,-0.000166
2021-09-02,MSFT,10107,301.14999,16271914.0,-0.002253
2021-09-03,MSFT,10107,301.14001,14735567.0,-3.3e-05
2021-09-07,MSFT,10107,300.17999,17154648.0,-0.003188
2021-09-08,MSFT,10107,300.20999,15033831.0,0.0001
2021-09-09,MSFT,10107,297.25,19905427.0,-0.00986
2021-09-10,MSFT,10107,295.70999,19611887.0,-0.005181
2021-09-13,MSFT,10107,296.98999,23632548.0,0.004329
2021-09-14,MSFT,10107,299.79001,21825032.0,0.009428
2021-09-15,MSFT,10107,304.82001,28329536.0,0.016778
2021-09-16,MSFT,10107,305.22,19529377.0,0.001312
2021-09-17,MSFT,10107,299.87,41321530.0,-0.017528
2021-09-20,MSFT,10107,294.29999,38247523.0,-0.018575
2021-09-21,MSFT,10107,294.79999,22334497.0,0.001699
2021-09-22,MSFT,10107,298.57999,26600757.0,0.012822
2021-09-23,MSFT,10107,299.56,18580039.0,0.003282
2021-09-24,MSFT,10107,299.35001,14976866.0,-0.000701
2021-09-27,MSFT,10107,294.17001,23553060.0,-0.017304
2021-09-28,MSFT,10107,283.51999,43110297.0,-0.036204
2021-09-29,MSFT,10107,284.0,26318139.0,0.001693
2021-09-30,MSFT,10107,281.92001,32304285.0,-0.007324
2021-10-01,MSFT,10107,289.10001,30047259.0,0.025468
2021-10-04,MSFT,10107,283.10999,31314825.0,-0.02072
2021-10-05,MSFT,10107,288.76001,24955731.0,0.019957
2021-10-06,MSFT,10107,293.10999,27961759.0,0.015064
2021-10-07,MSFT,10107,294.85001,20409971.0,0.005936
2021-10-08,MSFT,10107,294.85001,17667404.0,0.0
2021-10-11,MSFT,10107,294.23001,19270663.0,-0.002103
2021-10-12,MSFT,10107,292.88,17952210.0,-0.004588
2021-10-13,MSFT,10107,296.31,23409422.0,0.011711
2021-10-14,MSFT,10107,302.75,27211430.0,0.021734
2021-10-15,MSFT,10107,304.20999,25361968.0,0.004822
2021-10-18,MSFT,10107,307.29001,22703426.0,0.010125
2021-10-19,MSFT,10107,308.23001,17661806.0,0.003059
2021-10-20,MSFT,10107,307.41,16514253.0,-0.00266
2021-10-21,MSFT,10107,310.76001,16892541.0,0.010898
2021-10-22,MSFT,10107,309.16,17432592.0,-0.005149
2021-10-25,MSFT,10107,308.13,17511286.0,-0.003332
2021-10-26,MSFT,10107,310.10999,28075904.0,0.006426
2021-10-27,MSFT,10107,323.17001,52490909.0,0.042114
2021-10-28,MSFT,10107,324.35001,26210759.0,0.003651
2021-10-29,MSFT,10107,331.62,34695153.0,0.022414
2021-11-01,MSFT,10107,329.37,27078710.0,-0.006785
2021-11-02,MSFT,10107,333.13,26410445.0,0.011416
2021-11-03,MSFT,10107,334.0,21468549.0,0.002612
2021-11-04,MSFT,10107,336.44,23950888.0,0.007305
2021-11-05,MSFT,10107,336.06,22526181.0,-0.001129
2021-11-08,MSFT,10107,336.98999,20865147.0,0.002767
2021-11-09,MSFT,10107,335.95001,21240194.0,-0.003086
2021-11-10,MSFT,10107,330.79999,25451215.0,-0.01533
2021-11-11,MSFT,10107,332.42999,16859593.0,0.004927
2021-11-12,MSFT,10107,336.72,23795843.0,0.012905
2021-11-15,MSFT,10107,336.07001,16685878.0,-0.00193
2021-11-16,MSFT,10107,339.51001,20832225.0,0.010236
2021-11-17,MSFT,10107,339.12,19000499.0,0.000677
2021-11-18,MSFT,10107,341.26999,22420998.0,0.00634
2021-11-19,MSFT,10107,343.10999,21917574.0,0.005392
2021-11-22,MSFT,10107,339.82999,31249552.0,-0.00956
2021-11-23,MSFT,10107,337.67999,30369960.0,-0.006327
2021-11-24,MSFT,10107,337.91,21628466.0,0.000681
2021-11-26,MSFT,10107,329.67999,24099226.0,-0.024356
2021-11-29,MSFT,10107,336.63,28500522.0,0.021081
2021-11-30,MSFT,10107,330.59,42802613.0,-0.017943
2021-12-01,MSFT,10107,330.07999,33331631.0,-0.001543
2021-12-02,MSFT,10107,329.48999,30711534.0,-0.001787
2021-12-03,MSFT,10107,323.01001,41726543.0,-0.019667
2021-12-06,MSFT,10107,326.19,29996368.0,0.009845
2021-12-07,MSFT,10107,334.92001,30974947.0,0.026764
2021-12-08,MSFT,10107,334.97,24731685.0,0.000149
2021-12-09,MSFT,10107,333.10001,22179842.0,-0.005583
2021-12-10,MSFT,10107,342.54001,38043479.0,0.02834
2021-12-13,MSFT,10107,339.39999,28868422.0,-0.009167
2021-12-14,MSFT,10107,328.34,44350980.0,-0.032587
2021-12-15,MSFT,10107,334.64999,35284184.0,0.019218
2021-12-16,MSFT,10107,324.89999,34946518.0,-0.029135
2021-12-17,MSFT,10107,323.79999,47914611.0,-0.003386
2021-12-20,MSFT,10107,319.91,28331572.0,-0.012014
2021-12-21,MSFT,10107,327.29001,24694876.0,0.023069
2021-12-22,MSFT,10107,333.20001,24874038.0,0.018057
2021-12-23,MSFT,10107,334.69,19590708.0,0.004472
2021-12-27,MSFT,10107,342.45001,19930278.0,0.023186
2021-12-28,MSFT,10107,341.25,15630296.0,-0.003504
2021-12-29,MSFT,10107,341.95001,15025066.0,0.002051
2021-12-30,MSFT,10107,339.32001,15965197.0,-0.007691
2021-12-31,MSFT,10107,336.32001,17974550.0,-0.008841
2022-01-03,MSFT,10107,334.75,28823566.0,-0.004668
2022-01-04,MSFT,10107,329.01001,32626156.0,-0.017147
2022-01-05,MSFT,10107,316.38,39957778.0,-0.038388
2022-01-06,MSFT,10107,313.88,39744069.0,-0.007902
2022-01-07,MSFT,10107,314.04001,32664078.0,0.00051
2022-01-10,MSFT,10107,314.26999,44236612.0,0.000732
2022-01-11,MSFT,10107,314.98001,29307097.0,0.002259
2022-01-12,MSFT,10107,318.26999,34312485.0,0.010445
2022-01-13,MSFT,10107,304.79999,45286074.0,-0.042323
2022-01-14,MSFT,10107,310.20001,39736749.0,0.017717
2022-01-18,MSFT,10107,302.64999,42324592.0,-0.024339
2022-01-19,MSFT,10107,303.32999,45814517.0,0.002247
2022-01-20,MSFT,10107,301.60001,35351255.0,-0.005703
2022-01-21,MSFT,10107,296.03,57897463.0,-0.018468
2022-01-24,MSFT,10107,296.37,85823911.0,0.001149
2022-01-25,MSFT,10107,288.48999,72658473.0,-0.026588
2022-01-26,MSFT,10107,296.70999,90217932.0,0.028493
2022-01-27,MSFT,10107,299.84,53322770.0,0.010549
2022-01-28,MSFT,10107,308.26001,49616322.0,0.028082
2022-01-31,MSFT,10107,310.98001,46306571.0,0.008824
2022-02-01,MSFT,10107,308.76001,40838131.0,-0.007139
2022-02-02,MSFT,10107,313.45999,36566574.0,0.015222
2022-02-03,MSFT,10107,301.25,43662713.0,-0.038952
2022-02-04,MSFT,10107,305.94,35018097.0,0.015569
2022-02-07,MSFT,10107,300.95001,28476821.0,-0.01631
2022-02-08,MSFT,10107,304.56,32375104.0,0.011995
2022-02-09,MSFT,10107,311.20999,31280605.0,0.021835
2022-02-10,MSFT,10107,302.38,45304866.0,-0.028373
2022-02-11,MSFT,10107,295.04001,39124413.0,-0.024274
2022-02-14,MSFT,10107,295.0,36302209.0,-0.000136
2022-02-15,MSFT,10107,300.47,27361580.0,0.018542
2022-02-16,MSFT,10107,299.5,29956515.0,-0.001165
2022-02-17,MSFT,10107,290.73001,32422138.0,-0.029282
2022-02-18,MSFT,10107,287.92999,34213657.0,-0.009631
2022-02-22,MSFT,10107,287.72,41684303.0,-0.000729
2022-02-23,MSFT,10107,280.26999,37773613.0,-0.025893
2022-02-24,MSFT,10107,294.59,56907841.0,0.051094
2022-02-25,MSFT,10107,297.31,32514141.0,0.009233
2022-02-28,MSFT,10107,298.79001,28814144.0,0.004978
2022-03-01,MSFT,10107,294.95001,31320281.0,-0.012852
2022-03-02,MSFT,10107,300.19,31825624.0,0.017766
2022-03-03,MSFT,10107,295.92001,27255075.0,-0.014224
2022-03-04,MSFT,10107,289.85999,32321650.0,-0.020479
2022-03-07,MSFT,10107,278.91,43086709.0,-0.037777
2022-03-08,MSFT,10107,275.85001,48082527.0,-0.010971
2022-03-09,MSFT,10107,288.5,35138885.0,0.045858
2022-03-10,MSFT,10107,285.59,30600158.0,-0.010087
2022-03-11,MSFT,10107,280.07001,27176913.0,-0.019328
2022-03-14,MSFT,10107,276.44,30615626.0,-0.012961
2022-03-15,MSFT,10107,287.14999,34183825.0,0.038743
2022-03-16,MSFT,10107,294.39001,38609981.0,0.025213
2022-03-17,MSFT,10107,295.22,30797409.0,0.002819
2022-03-18,MSFT,10107,300.42999,43320848.0,0.017648
2022-03-21,MSFT,10107,299.16,29186287.0,-0.004227
2022-03-22,MSFT,10107,304.06,27582727.0,0.016379
2022-03-23,MSFT,10107,299.48999,25686934.0,-0.01503
2022-03-24,MSFT,10107,304.10001,24464722.0,0.015393
2022-03-25,MSFT,10107,303.67999,22544459.0,-0.001381
2022-03-28,MSFT,10107,310.70001,29560701.0,0.023117
2022-03-29,MSFT,10107,315.41,30349457.0,0.015159
2022-03-30,MSFT,10107,313.85999,28134409.0,-0.004914
2022-03-31,MSFT,10107,308.31,33301367.0,-0.017683
2022-04-01,MSFT,10107,309.42001,27060828.0,0.0036
2022-04-04,MSFT,10107,314.97,24305850.0,0.017937
2022-04-05,MSFT,10107,310.88,23076509.0,-0.012985
2022-04-06,MSFT,10107,299.5,40020336.0,-0.036606
2022-04-07,MSFT,10107,301.37,31325226.0,0.006244
2022-04-08,MSFT,10107,296.97,24321149.0,-0.0146
2022-04-11,MSFT,10107,285.26001,34500218.0,-0.039432
2022-04-12,MSFT,10107,282.06,30916914.0,-0.011218
2022-04-13,MSFT,10107,287.62,21893137.0,0.019712
2022-04-14,MSFT,10107,279.82999,28227869.0,-0.027084
2022-04-18,MSFT,10107,280.51999,20721842.0,0.002466
2022-04-19,MSFT,10107,285.29999,22356479.0,0.01704
2022-04-20,MSFT,10107,286.35999,22868906.0,0.003715
2022-04-21,MSFT,10107,280.81,29413448.0,-0.019381
2022-04-22,MSFT,10107,274.03,29362891.0,-0.024144
2022-04-25,MSFT,10107,280.72,35630912.0,0.024413
2022-04-26,MSFT,10107,270.22,46439121.0,-0.037404
2022-04-27,MSFT,10107,283.22,63322902.0,0.048109
2022-04-28,MSFT,10107,289.63,33588081.0,0.022633
2022-04-29,MSFT,10107,277.51999,37019137.0,-0.041812
2022-05-02,MSFT,10107,284.47,35090320.0,0.025043
2022-05-03,MSFT,10107,281.78,25926424.0,-0.009456
2022-05-04,MSFT,10107,289.98001,33511005.0,0.029101
2022-05-05,MSFT,10107,277.35001,43154937.0,-0.043555
2022-05-06,MSFT,10107,274.73001,37640998.0,-0.009447
2022-05-09,MSFT,10107,264.57999,47633856.0,-0.036946
2022-05-10,MSFT,10107,269.5,39242847.0,0.018596
2022-05-11,MSFT,10107,260.54999,48878390.0,-0.03321
2022-05-12,MSFT,10107,255.35001,50924999.0,-0.019958
2022-05-13,MSFT,10107,261.12,34807946.0,0.022596
2022-05-16,MSFT,10107,261.5,32493091.0,0.001455
2022-05-17,MSFT,10107,266.82001,28764643.0,0.020344
2022-05-18,MSFT,10107,254.08,31415742.0,-0.045424
2022-05-19,MSFT,10107,253.14,32608161.0,-0.0037
2022-05-20,MSFT,10107,252.56,39777452.0,-0.002291
2022-05-23,MSFT,10107,260.64999,33118356.0,0.032032
2022-05-24,MSFT,10107,259.62,28978811.0,-0.003952
2022-05-25,MSFT,10107,262.51999,28499618.0,0.01117
2022-05-26,MSFT,10107,265.89999,24950825.0,0.012875
2022-05-27,MSFT,10107,273.23999,26872388.0,0.027604
2022-05-31,MSFT,10107,271.87,37773712.0,-0.005014
2022-06-01,MSFT,10107,272.42001,25222078.0,0.002023
2022-06-02,MSFT,10107,274.57999,43962274.0,0.007929
2022-06-03,MSFT,10107,270.01999,28051977.0,-0.016607
2022-06-06,MSFT,10107,268.75,22369147.0,-0.004703
2022-06-07,MSFT,10107,272.5,22818290.0,0.013954
2022-06-08,MSFT,10107,270.41,17348284.0,-0.00767
2022-06-09,MSFT,10107,264.79001,26410262.0,-0.020783
2022-06-10,MSFT,10107,252.99001,31692483.0,-0.044564
2022-06-13,MSFT,10107,242.25999,46078951.0,-0.042413
2022-06-14,MSFT,10107,244.49001,28721420.0,0.009205
2022-06-15,MSFT,10107,251.75999,33062174.0,0.029735
2022-06-16,MSFT,10107,244.97,33127783.0,-0.02697
2022-06-17,MSFT,10107,247.64999,43007907.0,0.01094
2022-06-21,MSFT,10107,253.74001,29894952.0,0.024591
2022-06-22,MSFT,10107,253.13,25940673.0,-0.002404
2022-06-23,MSFT,10107,258.85999,25832128.0,0.022637
2022-06-24,MSFT,10107,267.70001,33874190.0,0.03415
2022-06-27,MSFT,10107,264.89001,24576931.0,-0.010497
2022-06-28,MSFT,10107,256.48001,27342290.0,-0.031749
2022-06-29,MSFT,10107,260.26001,20045413.0,0.014738
2022-06-30,MSFT,10107,256.82999,31684145.0,-0.013179
2022-07-01,MSFT,10107,259.57999,22807208.0,0.010708
2022-07-05,MSFT,10107,262.85001,22937940.0,0.012597
2022-07-06,MSFT,10107,266.20999,23803616.0,0.012783
2022-07-07,MSFT,10107,268.39999,20831005.0,0.008227
2022-07-08,MSFT,10107,267.66,19634476.0,-0.002757
2022-07-11,MSFT,10107,264.51001,19495346.0,-0.011769
2022-07-12,MSFT,10107,253.67,35833714.0,-0.040982
2022-07-13,MSFT,10107,252.72,29440411.0,-0.003745
2022-07-14,MSFT,10107,254.08,25070759.0,0.005381
2022-07-15,MSFT,10107,256.72,29731770.0,0.01039
2022-07-18,MSFT,10107,254.25,20954475.0,-0.009621
2022-07-19,MSFT,10107,259.53,24937278.0,0.020767
2022-07-20,MSFT,10107,262.26999,22729666.0,0.010558
2022-07-21,MSFT,10107,264.84,22358549.0,0.009799
2022-07-22,MSFT,10107,260.35999,21886787.0,-0.016916
2022-07-25,MSFT,10107,258.82999,21014597.0,-0.005876
2022-07-26,MSFT,10107,251.89999,39305704.0,-0.026774
2022-07-27,MSFT,10107,268.73999,45872274.0,0.066852
2022-07-28,MSFT,10107,276.41,33420198.0,0.028541
2022-07-29,MSFT,10107,280.73999,32108742.0,0.015665
2022-08-01,MSFT,10107,278.01001,21489986.0,-0.009724
2022-08-02,MSFT,10107,274.82001,22724711.0,-0.011474
2022-08-03,MSFT,10107,282.47,23479333.0,0.027836
2022-08-04,MSFT,10107,283.64999,18083970.0,0.004177
2022-08-05,MSFT,10107,282.91,16750235.0,-0.002609
2022-08-08,MSFT,10107,280.32001,18704871.0,-0.009155
2022-08-09,MSFT,10107,282.29999,23372280.0,0.007063
2022-08-10,MSFT,10107,289.16,24667967.0,0.0243
2022-08-11,MSFT,10107,287.01999,20040426.0,-0.007401
2022-08-12,MSFT,10107,291.91,22594634.0,0.017037
2022-08-15,MSFT,10107,293.47,18047996.0,0.005344
2022-08-16,MSFT,10107,292.70999,18079318.0,-0.00259
2022-08-17,MSFT,10107,291.32001,18237500.0,-0.002631
2022-08-18,MSFT,10107,290.17001,17115250.0,-0.003948
2022-08-19,MSFT,10107,286.14999,20547911.0,-0.013854
2022-08-22,MSFT,10107,277.75,25027194.0,-0.029355
2022-08-23,MSFT,10107,276.44,17481487.0,-0.004716
2022-08-24,MSFT,10107,275.79001,18108036.0,-0.002351
2022-08-25,MSFT,10107,278.85001,16811891.0,0.011095
2022-08-26,MSFT,10107,268.09,27521465.0,-0.038587
2022-08-29,MSFT,10107,265.23001,20303469.0,-0.010668
2022-08-30,MSFT,10107,262.97,22746858.0,-0.008521
2022-08-31,MSFT,10107,261.47,24745835.0,-0.005704
2022-09-01,MSFT,10107,260.39999,23218111.0,-0.004092
2022-09-02,MSFT,10107,256.06,22828091.0,-0.016667
2022-09-06,MSFT,10107,253.25,21312251.0,-0.010974
2022-09-07,MSFT,10107,258.09,24102569.0,0.019112
2022-09-08,MSFT,10107,258.51999,20291286.0,0.001666
2022-09-09,MSFT,10107,264.45999,22054608.0,0.022977
2022-09-12,MSFT,10107,266.64999,18744767.0,0.008281
2022-09-13,MSFT,10107,251.99001,33276500.0,-0.054978
2022-09-14,MSFT,10107,252.22,23840960.0,0.000913
2022-09-15,MSFT,10107,245.38,31475089.0,-0.027119
2022-09-16,MSFT,10107,244.74001,39737534.0,-0.002608
2022-09-19,MSFT,10107,244.52,26794442.0,-0.000899
2022-09-20,MSFT,10107,242.45,26622984.0,-0.008466
2022-09-21,MSFT,10107,238.95,28585127.0,-0.014436
2022-09-22,MSFT,10107,240.98,30997848.0,0.008496
2022-09-23,MSFT,10107,237.92,34163652.0,-0.012698
2022-09-26,MSFT,10107,237.45,27688679.0,-0.001975
2022-09-27,MSFT,10107,236.41,26974822.0,-0.00438
2022-09-28,MSFT,10107,241.07001,28972738.0,0.019712
2022-09-29,MSFT,10107,237.5,27439846.0,-0.014809
2022-09-30,MSFT,10107,232.89999,35526905.0,-0.019368
2022-10-03,MSFT,10107,240.74001,28838055.0,0.033663
2022-10-04,MSFT,10107,248.88,34821766.0,0.033812
2022-10-05,MSFT,10107,249.2,20361751.0,0.001286
2022-10-06,MSFT,10107,246.78999,20197482.0,-0.009671
2022-10-07,MSFT,10107,234.24001,37690239.0,-0.050853
2022-10-10,MSFT,10107,229.25,29714163.0,-0.021303
2022-10-11,MSFT,10107,225.41,30420004.0,-0.01675
2022-10-12,MSFT,10107,225.75,21865503.0,0.001508
2022-10-13,MSFT,10107,234.24001,42511075.0,0.037608
2022-10-14,MSFT,10107,228.56,30123529.0,-0.024249
2022-10-17,MSFT,10107,237.53,28109933.0,0.039246
2022-10-18,MSFT,10107,238.5,26296138.0,0.004084
2022-10-19,MSFT,10107,236.48,20025731.0,-0.00847
2022-10-20,MSFT,10107,236.14999,21785949.0,-0.001395
2022-10-21,MSFT,10107,242.12,26275138.0,0.025281
2022-10-24,MSFT,10107,247.25,24882548.0,0.021188
2022-10-25,MSFT,10107,250.66,34713401.0,0.013792
2022-10-26,MSFT,10107,231.32001,82523616.0,-0.077156
2022-10-27,MSFT,10107,226.75,40359252.0,-0.019756
2022-10-28,MSFT,10107,235.87,40574166.0,0.040221
2022-10-31,MSFT,10107,232.13,28304565.0,-0.015856
2022-11-01,MSFT,10107,228.17,30525099.0,-0.017059
2022-11-02,MSFT,10107,220.10001,38358550.0,-0.035368
2022-11-03,MSFT,10107,214.25,36732830.0,-0.026579
2022-11-04,MSFT,10107,221.39,36712344.0,0.033326
2022-11-07,MSFT,10107,227.87,33462164.0,0.02927
2022-11-08,MSFT,10107,228.87,28165860.0,0.004388
2022-11-09,MSFT,10107,224.50999,27814285.0,-0.01905
2022-11-10,MSFT,10107,242.98,46213524.0,0.082268
2022-11-11,MSFT,10107,247.11,34570086.0,0.016997
2022-11-14,MSFT,10107,241.55,31081333.0,-0.0225
2022-11-15,MSFT,10107,241.97,31357854.0,0.001739
2022-11-16,MSFT,10107,241.73,24048684.0,0.001818
2022-11-17,MSFT,10107,241.67999,23089950.0,-0.000207
2022-11-18,MSFT,10107,241.22,27575903.0,-0.001903
2022-11-21,MSFT,10107,242.05,26368205.0,0.003441
2022-11-22,MSFT,10107,245.03,19618821.0,0.012312
2022-11-23,MSFT,10107,247.58,19477162.0,0.010407
2022-11-25,MSFT,10107,247.49001,9191065.0,-0.000364
2022-11-28,MSFT,10107,241.75999,24778937.0,-0.023153
2022-11-29,MSFT,10107,240.33,17932282.0,-0.005915
2022-11-30,MSFT,10107,255.14,47454704.0,0.061624
2022-12-01,MSFT,10107,254.69,25994808.0,-0.001764
2022-12-02,MSFT,10107,255.02,21492217.0,0.001296
2022-12-05,MSFT,10107,250.2,23410574.0,-0.018901
2022-12-06,MSFT,10107,245.12,22408779.0,-0.020304
2022-12-07,MSFT,10107,244.37,20432120.0,-0.00306
2022-12-08,MSFT,10107,247.39999,22559773.0,0.012399
2022-12-09,MSFT,10107,245.42,20589371.0,-0.008003
2022-12-12,MSFT,10107,252.50999,30627413.0,0.028889
2022-12-13,MSFT,10107,256.92001,42134655.0,0.017465
2022-12-14,MSFT,10107,257.22,35295594.0,0.001168
2022-12-15,MSFT,10107,249.00999,35513851.0,-0.031918
2022-12-16,MSFT,10107,244.69,94651273.0,-0.017349
2022-12-19,MSFT,10107,240.45,29634558.0,-0.017328
2022-12-20,MSFT,10107,241.8,25126887.0,0.005615
2022-12-21,MSFT,10107,244.42999,23639790.0,0.010877
2022-12-22,MSFT,10107,238.19,28616381.0,-0.025529
2022-12-23,MSFT,10107,238.73,21287448.0,0.002267
2022-12-27,MSFT,10107,236.96001,16666893.0,-0.007414
2022-12-28,MSFT,10107,234.53,17447853.0,-0.010255
2022-12-29,MSFT,10107,241.00999,19727159.0,0.02763
2022-12-30,MSFT,10107,239.82001,21924379.0,-0.004938
2023-01-03,MSFT,10107,239.58,25723760.0,-0.001001
2023-01-04,MSFT,10107,229.10001,50564994.0,-0.043743
2023-01-05,MSFT,10107,222.31,39541865.0,-0.029638
2023-01-06,MSFT,10107,224.92999,43569634.0,0.011785
2023-01-09,MSFT,10107,227.12,27334038.0,0.009736
2023-01-10,MSFT,10107,228.85001,27007110.0,0.007617
2023-01-11,MSFT,10107,235.77,28626526.0,0.030238
2023-01-12,MSFT,10107,238.50999,27217153.0,0.011622
2023-01-13,MSFT,10107,239.23,21306236.0,0.003019
2023-01-17,MSFT,10107,240.35001,29798924.0,0.004682
2023-01-18,MSFT,10107,235.81,30101214.0,-0.018889
2023-01-19,MSFT,10107,231.92999,28605038.0,-0.016454
2023-01-20,MSFT,10107,240.22,35344239.0,0.035744
2023-01-23,MSFT,10107,242.58,31884543.0,0.009824
2023-01-24,MSFT,10107,242.03999,40129127.0,-0.002226
2023-01-25,MSFT,10107,240.61,66375667.0,-0.005908
2023-01-26,MSFT,10107,248.0,33395283.0,0.030714
2023-01-27,MSFT,10107,248.16,26448757.0,0.000645
2023-01-30,MSFT,10107,242.71001,25838168.0,-0.021962
2023-01-31,MSFT,10107,247.81,26491956.0,0.021013
2023-02-01,MSFT,10107,252.75,31216676.0,0.019935
2023-02-02,MSFT,10107,264.60001,39883410.0,0.046884
2023-02-03,MSFT,10107,258.35001,29027496.0,-0.023621
2023-02-06,MSFT,10107,256.76999,22480540.0,-0.006116
2023-02-07,MSFT,10107,267.56,50745924.0,0.042022
2023-02-08,MSFT,10107,266.73001,54571856.0,-0.003102
2023-02-09,MSFT,10107,263.62,42507508.0,-0.01166
2023-02-10,MSFT,10107,263.10001,25782621.0,-0.001972
2023-02-13,MSFT,10107,271.32001,44561649.0,0.031243
2023-02-14,MSFT,10107,272.17001,36992177.0,0.003133
2023-02-15,MSFT,10107,269.32001,28926206.0,-0.007973
2023-02-16,MSFT,10107,262.14999,29552122.0,-0.026623
2023-02-17,MSFT,10107,258.06,29970269.0,-0.015602
2023-02-21,MSFT,10107,252.67,28414023.0,-0.020887
2023-02-22,MSFT,10107,251.50999,22469197.0,-0.004591
2023-02-23,MSFT,10107,254.77,29178106.0,0.012962
2023-02-24,MSFT,10107,249.22,24959089.0,-0.021784
2023-02-27,MSFT,10107,250.16,21154783.0,0.003772
2023-02-28,MSFT,10107,249.42,22453233.0,-0.002958
2023-03-01,MSFT,10107,246.27,27519487.0,-0.012629
2023-03-02,MSFT,10107,251.11,24789110.0,0.019653
2023-03-03,MSFT,10107,255.28999,30722456.0,0.016646
2023-03-06,MSFT,10107,256.87,24074211.0,0.006189
2023-03-07,MSFT,10107,254.14999,21418974.0,-0.010589
2023-03-08,MSFT,10107,253.7,17319888.0,-0.001771
2023-03-09,MSFT,10107,252.32001,26628620.0,-0.005439
2023-03-10,MSFT,10107,248.59,28296808.0,-0.014783
2023-03-13,MSFT,10107,253.92,33282280.0,0.021441
2023-03-14,MSFT,10107,260.79001,33571146.0,0.027056
2023-03-15,MSFT,10107,265.44,45925327.0,0.01783
2023-03-16,MSFT,10107,276.20001,54648523.0,0.040537
2023-03-17,MSFT,10107,279.42999,69418106.0,0.011694
2023-03-20,MSFT,10107,272.23001,43948109.0,-0.025767
2023-03-21,MSFT,10107,273.78,34495006.0,0.005694
2023-03-22,MSFT,10107,272.29001,34785567.0,-0.005442
2023-03-23,MSFT,10107,277.66,36571944.0,0.019722
2023-03-24,MSFT,10107,280.57001,28153749.0,0.010481
2023-03-27,MSFT,10107,276.38,26798592.0,-0.014934
2023-03-28,MSFT,10107,275.23001,21834125.0,-0.004161
2023-03-29,MSFT,10107,280.51001,25024137.0,0.019184
2023-03-30,MSFT,10107,284.04999,25030639.0,0.01262
2023-03-31,MSFT,10107,288.29999,32670546.0,0.014962
2023-04-03,MSFT,10107,287.23001,24847570.0,-0.003711
2023-04-04,MSFT,10107,287.17999,25792601.0,-0.000174
2023-04-05,MSFT,10107,284.34,22037552.0,-0.009889
2023-04-06,MSFT,10107,291.60001,29687952.0,0.025533
2023-04-10,MSFT,10107,289.39001,23076459.0,-0.007579
2023-04-11,MSFT,10107,282.82999,27225165.0,-0.022669
2023-04-12,MSFT,10107,283.48999,27345181.0,0.002334
2023-04-13,MSFT,10107,289.84,24169889.0,0.022399
2023-04-14,MSFT,10107,286.14001,20946853.0,-0.012766
2023-04-17,MSFT,10107,288.79999,23851152.0,0.009296
2023-04-18,MSFT,10107,288.37,20140439.0,-0.001489
2023-04-19,MSFT,10107,288.45001,17124613.0,0.000277
2023-04-20,MSFT,10107,286.10999,23210702.0,-0.008112
2023-04-21,MSFT,10107,285.76001,21643658.0,-0.001223
2023-04-24,MSFT,10107,281.76999,26584282.0,-0.013963
2023-04-25,MSFT,10107,275.42001,45674375.0,-0.022536
2023-04-26,MSFT,10107,295.37,64559458.0,0.072435
2023-04-27,MSFT,10107,304.82999,46351819.0,0.032028
2023-04-28,MSFT,10107,307.26001,36390153.0,0.007972
2023-05-01,MSFT,10107,305.56,21264708.0,-0.005533
2023-05-02,MSFT,10107,305.41,26368829.0,-0.000491
2023-05-03,MSFT,10107,304.39999,22316656.0,-0.003307
2023-05-04,MSFT,10107,305.41,22490758.0,0.003318
2023-05-05,MSFT,10107,310.64999,28132011.0,0.017157
2023-05-08,MSFT,10107,308.64999,21277364.0,-0.006438
2023-05-09,MSFT,10107,307.0,21310485.0,-0.005346
2023-05-10,MSFT,10107,312.31,30170317.0,0.017296
2023-05-11,MSFT,10107,310.10999,31622280.0,-0.007044
2023-05-12,MSFT,10107,308.97,19747525.0,-0.003676
2023-05-15,MSFT,10107,309.45999,16304867.0,0.001586
2023-05-16,MSFT,10107,311.73999,25792768.0,0.007368
2023-05-17,MSFT,10107,314.0,24275344.0,0.009431
2023-05-18,MSFT,10107,318.51999,27213404.0,0.014395
2023-05-19,MSFT,10107,318.34,27524296.0,-0.000565
2023-05-22,MSFT,10107,321.17999,24096272.0,0.008921
2023-05-23,MSFT,10107,315.26001,30788049.0,-0.018432
2023-05-24,MSFT,10107,313.85001,23359428.0,-0.004473
2023-05-25,MSFT,10107,325.92001,43211134.0,0.038458
2023-05-26,MSFT,10107,332.89001,36666799.0,0.021386
2023-05-30,MSFT,10107,331.20999,29417058.0,-0.005047
2023-05-31,MSFT,10107,328.39001,45855604.0,-0.008514
2023-06-01,MSFT,10107,332.57999,26741060.0,0.012759
2023-06-02,MSFT,10107,335.39999,25825764.0,0.008479
2023-06-05,MSFT,10107,335.94,21262839.0,0.00161
2023-06-06,MSFT,10107,333.67999,20367315.0,-0.006727
2023-06-07,MSFT,10107,323.38,40688618.0,-0.030868
2023-06-08,MSFT,10107,325.26001,23248974.0,0.005814
2023-06-09,MSFT,10107,326.79001,22475645.0,0.004704
2023-06-12,MSFT,10107,331.85001,24256527.0,0.015484
2023-06-13,MSFT,10107,334.29001,22897823.0,0.007353
2023-06-14,MSFT,10107,337.34,25989870.0,0.009124
2023-06-15,MSFT,10107,348.10001,39022948.0,0.031897
2023-06-16,MSFT,10107,342.32999,46491277.0,-0.016576
2023-06-20,MSFT,10107,338.04999,26248460.0,-0.012503
2023-06-21,MSFT,10107,333.56,25091166.0,-0.013282
2023-06-22,MSFT,10107,339.70999,23526630.0,0.018437
2023-06-23,MSFT,10107,335.01999,23096745.0,-0.013806
2023-06-26,MSFT,10107,328.60001,21484178.0,-0.019163
2023-06-27,MSFT,10107,334.57001,24321034.0,0.018168
2023-06-28,MSFT,10107,335.85001,20232160.0,0.003826
2023-06-29,MSFT,10107,335.04999,16953737.0,-0.002382
2023-06-30,MSFT,10107,340.54001,26799737.0,0.016386
2023-07-03,MSFT,10107,337.98999,12495743.0,-0.007488
2023-07-05,MSFT,10107,338.14999,18147070.0,0.000473
2023-07-06,MSFT,10107,341.26999,28164526.0,0.009227
2023-07-07,MSFT,10107,337.22,21194326.0,-0.011867
2023-07-10,MSFT,10107,331.82999,32743632.0,-0.015984
2023-07-11,MSFT,10107,332.47,26665456.0,0.001929
2023-07-12,MSFT,10107,337.20001,29964020.0,0.014227
2023-07-13,MSFT,10107,342.66,20537384.0,0.016192
2023-07-14,MSFT,10107,345.23999,28396289.0,0.007529
2023-07-17,MSFT,10107,345.73001,20307706.0,0.001419
2023-07-18,MSFT,10107,359.48999,64730710.0,0.0398
2023-07-19,MSFT,10107,355.07999,39660592.0,-0.012267
2023-07-20,MSFT,10107,346.87,33728143.0,-0.023122
2023-07-21,MSFT,10107,343.76999,69316281.0,-0.008937
2023-07-24,MSFT,10107,345.10999,26670051.0,0.003898
2023-07-25,MSFT,10107,350.98001,41612494.0,0.017009
2023-07-26,MSFT,10107,337.76999,58188044.0,-0.037638
2023-07-27,MSFT,10107,330.72,39549119.0,-0.020872
2023-07-28,MSFT,10107,338.37,28413438.0,0.023131
2023-07-31,MSFT,10107,335.92001,25374168.0,-0.007241
2023-08-01,MSFT,10107,336.34,18351467.0,0.00125
2023-08-02,MSFT,10107,327.5,27719902.0,-0.026283
2023-08-03,MSFT,10107,326.66,18325117.0,-0.002565
2023-08-04,MSFT,10107,327.78,23680406.0,0.003429
2023-08-07,MSFT,10107,330.10999,17712827.0,0.007108
2023-08-08,MSFT,10107,326.04999,22290772.0,-0.012299
2023-08-09,MSFT,10107,322.23001,22341026.0,-0.011716
2023-08-10,MSFT,10107,322.92999,20096115.0,0.002172
2023-08-11,MSFT,10107,321.01001,24663587.0,-0.005946
2023-08-14,MSFT,10107,324.04001,18813753.0,0.009439
2023-08-15,MSFT,10107,321.85999,16991444.0,-0.006728
2023-08-16,MSFT,10107,320.39999,20661431.0,-0.002423
2023-08-17,MSFT,10107,316.88,21226266.0,-0.010986
2023-08-18,MSFT,10107,316.48001,24704440.0,-0.001262
2023-08-21,MSFT,10107,321.88,23999717.0,0.017063
2023-08-22,MSFT,10107,322.45999,16049321.0,0.001802
2023-08-23,MSFT,10107,327.0,21114512.0,0.014079
2023-08-24,MSFT,10107,319.97,23211122.0,-0.021499
2023-08-25,MSFT,10107,322.98001,21648363.0,0.009407
2023-08-28,MSFT,10107,323.70001,14787520.0,0.002229
2023-08-29,MSFT,10107,328.41,19322196.0,0.014551
2023-08-30,MSFT,10107,328.79001,15172792.0,0.001157
2023-08-31,MSFT,10107,327.76001,26344214.0,-0.003133
2023-09-01,MSFT,10107,328.66,14912723.0,0.002746
2023-09-05,MSFT,10107,333.54999,18475262.0,0.014879
2023-09-06,MSFT,10107,332.88,17479241.0,-0.002009
2023-09-07,MSFT,10107,329.91,18356493.0,-0.008922
2023-09-08,MSFT,10107,334.26999,19469957.0,0.013216
2023-09-11,MSFT,10107,337.94,16572127.0,0.010979
2023-09-12,MSFT,10107,331.76999,17540963.0,-0.018258
2023-09-13,MSFT,10107,336.06,16504908.0,0.012931
2023-09-14,MSFT,10107,338.70001,20244279.0,0.007856
2023-09-15,MSFT,10107,330.22,37653124.0,-0.025037
2023-09-18,MSFT,10107,329.06,16815983.0,-0.003513
2023-09-19,MSFT,10107,328.64999,16667776.0,-0.001246
2023-09-20,MSFT,10107,320.76999,21517711.0,-0.023977
2023-09-21,MSFT,10107,319.53,35513321.0,-0.003866
2023-09-22,MSFT,10107,317.01001,21412259.0,-0.007887
2023-09-25,MSFT,10107,317.54001,17844083.0,0.001672
2023-09-26,MSFT,10107,312.14001,26256037.0,-0.017006
2023-09-27,MSFT,10107,312.79001,19372172.0,0.002082
2023-09-28,MSFT,10107,313.64001,19643507.0,0.002718
2023-09-29,MSFT,10107,315.75,24096063.0,0.006727
2023-10-02,MSFT,10107,321.79999,20527801.0,0.019161
2023-10-03,MSFT,10107,313.39001,21005226.0,-0.026134
2023-10-04,MSFT,10107,318.95499,20687640.0,0.017757
2023-10-05,MSFT,10107,319.35999,16939509.0,0.00127
2023-10-06,MSFT,10107,327.26001,25645613.0,0.024737
2023-10-09,MSFT,10107,329.82001,19858021.0,0.007823
2023-10-10,MSFT,10107,328.39001,20505076.0,-0.004336
2023-10-11,MSFT,10107,332.42001,20038997.0,0.012272
2023-10-12,MSFT,10107,331.16,19267191.0,-0.00379
2023-10-13,MSFT,10107,327.73001,21053888.0,-0.010358
2023-10-16,MSFT,10107,332.64001,22126487.0,0.014982
2023-10-17,MSFT,10107,332.06,18313913.0,-0.001744
2023-10-18,MSFT,10107,330.10999,23110633.0,-0.005872
2023-10-19,MSFT,10107,331.32001,25018574.0,0.003666
2023-10-20,MSFT,10107,326.67001,24947758.0,-0.014035
2023-10-23,MSFT,10107,329.32001,24402989.0,0.008112
2023-10-24,MSFT,10107,330.53,31102445.0,0.003674
2023-10-25,MSFT,10107,340.67001,54880574.0,0.030678
2023-10-26,MSFT,10107,327.89001,37741889.0,-0.037514
2023-10-27,MSFT,10107,329.81,29795633.0,0.005856
2023-10-30,MSFT,10107,337.31,22762542.0,0.02274
2023-10-31,MSFT,10107,338.10999,20210835.0,0.002372
2023-11-01,MSFT,10107,346.07001,27947693.0,0.023543
2023-11-02,MSFT,10107,348.32001,24160713.0,0.006502
2023-11-03,MSFT,10107,352.79999,23451432.0,0.012862
2023-11-06,MSFT,10107,356.53,23580689.0,0.010573
2023-11-07,MSFT,10107,360.53,25663710.0,0.011219
2023-11-08,MSFT,10107,363.20001,26727667.0,0.007406
2023-11-09,MSFT,10107,360.69,24701944.0,-0.006911
2023-11-10,MSFT,10107,369.67001,27928267.0,0.024897
2023-11-13,MSFT,10107,366.67999,19879549.0,-0.008088
2023-11-14,MSFT,10107,370.26999,27464415.0,0.009791
2023-11-15,MSFT,10107,369.67001,26691578.0,0.000405
2023-11-16,MSFT,10107,376.17001,26963964.0,0.017583
2023-11-17,MSFT,10107,369.85001,39905580.0,-0.016801
2023-11-20,MSFT,10107,377.44,51976782.0,0.020522
2023-11-21,MSFT,10107,373.07001,28230620.0,-0.011578
2023-11-22,MSFT,10107,377.85001,23230651.0,0.012813
2023-11-24,MSFT,10107,377.42999,10114326.0,-0.001112
2023-11-27,MSFT,10107,378.60999,22058871.0,0.003126
2023-11-28,MSFT,10107,382.70001,20318123.0,0.010803
2023-11-29,MSFT,10107,378.85001,28830256.0,-0.01006
2023-11-30,MSFT,10107,378.91,30417000.0,0.000158
2023-12-01,MSFT,10107,374.51001,32778961.0,-0.011612
2023-12-04,MSFT,10107,369.14001,31663972.0,-0.014339
2023-12-05,MSFT,10107,372.51999,22977856.0,0.009156
2023-12-06,MSFT,10107,368.79999,21077334.0,-0.009986
2023-12-07,MSFT,10107,370.95001,22916480.0,0.00583
2023-12-08,MSFT,10107,374.23001,20020201.0,0.008842
2023-12-11,MSFT,10107,371.29999,27388886.0,-0.007829
2023-12-12,MSFT,10107,374.38,24608166.0,0.008295
2023-12-13,MSFT,10107,374.37,30772050.0,-2.7e-05
2023-12-14,MSFT,10107,365.92999,43451881.0,-0.022545
2023-12-15,MSFT,10107,370.73001,77755324.0,0.013117
2023-12-18,MSFT,10107,372.64999,21632344.0,0.005179
2023-12-19,MSFT,10107,373.26001,20434545.0,0.001637
2023-12-20,MSFT,10107,370.62,26089812.0,-0.007073
2023-12-21,MSFT,10107,373.54001,17622307.0,0.007879
2023-12-22,MSFT,10107,374.57999,17012801.0,0.002784
2023-12-26,MSFT,10107,374.66,12622222.0,0.000214
2023-12-27,MSFT,10107,374.07001,14830103.0,-0.001575
2023-12-28,MSFT,10107,375.28,14278610.0,0.003235
2023-12-29,MSFT,10107,376.04001,18621428.0,0.002025
2024-01-02,MSFT,10107,370.87,25134559.0,-0.013749
2024-01-03,MSFT,10107,370.60001,22992351.0,-0.000728
2024-01-04,MSFT,10107,367.94,20657385.0,-0.007178
2024-01-05,MSFT,10107,367.75,20884293.0,-0.000516
2024-01-08,MSFT,10107,374.69,22953632.0,0.018872
2024-01-09,MSFT,10107,375.79001,20721875.0,0.002936
2024-01-10,MSFT,10107,382.76999,25386887.0,0.018574
2024-01-11,MSFT,10107,384.63,27685927.0,0.004859
2024-01-12,MSFT,10107,388.47,21557503.0,0.009984
2024-01-16,MSFT,10107,390.26999,27042389.0,0.004634
2024-01-17,MSFT,10107,389.47,22113120.0,-0.00205
2024-01-18,MSFT,10107,393.87,23247255.0,0.011297
2024-01-19,MSFT,10107,398.67001,29158131.0,0.012187
2024-01-22,MSFT,10107,396.51001,26740989.0,-0.005418
2024-01-23,MSFT,10107,398.89999,20609127.0,0.006028
2024-01-24,MSFT,10107,402.56,25249179.0,0.009175
2024-01-25,MSFT,10107,404.87,20890798.0,0.005738
2024-01-26,MSFT,10107,403.92999,17703338.0,-0.002322
2024-01-29,MSFT,10107,409.72,24363272.0,0.014334
2024-01-30,MSFT,10107,408.59,33039497.0,-0.002758
2024-01-31,MSFT,10107,397.57999,47477125.0,-0.026946
2024-02-01,MSFT,10107,403.78,30408416.0,0.015594
2024-02-02,MSFT,10107,411.22,28051784.0,0.018426
2024-02-05,MSFT,10107,405.64999,25195782.0,-0.013545
2024-02-06,MSFT,10107,405.48999,18309006.0,-0.000394
2024-02-07,MSFT,10107,414.04999,22225577.0,0.02111
2024-02-08,MSFT,10107,414.10999,21150698.0,0.000145
2024-02-09,MSFT,10107,420.54999,21904286.0,0.015551
2024-02-12,MSFT,10107,415.26001,21018029.0,-0.012579
2024-02-13,MSFT,10107,406.32001,27528133.0,-0.021529
2024-02-14,MSFT,10107,409.48999,20242861.0,0.009648
2024-02-15,MSFT,10107,406.56,21641713.0,-0.007155
2024-02-16,MSFT,10107,404.06,22947447.0,-0.006149
2024-02-20,MSFT,10107,402.79001,24190848.0,-0.003143
2024-02-21,MSFT,10107,402.17999,18504506.0,-0.001514
2024-02-22,MSFT,10107,411.64999,26892696.0,0.023547
2024-02-23,MSFT,10107,410.34,16203109.0,-0.003182
2024-02-26,MSFT,10107,407.54001,16111425.0,-0.006824
2024-02-27,MSFT,10107,407.48001,14768417.0,-0.000147
2024-02-28,MSFT,10107,407.72,13078416.0,0.000589
2024-02-29,MSFT,10107,413.64001,31753780.0,0.01452
2024-03-01,MSFT,10107,415.5,17697230.0,0.004497
2024-03-04,MSFT,10107,414.92001,17486701.0,-0.001396
2024-03-05,MSFT,10107,402.64999,26711311.0,-0.029572
2024-03-06,MSFT,10107,402.09,22181294.0,-0.001391
2024-03-07,MSFT,10107,409.14001,18551976.0,0.017533
2024-03-08,MSFT,10107,406.22,17880234.0,-0.007137
2024-03-11,MSFT,10107,404.51999,15986217.0,-0.004185
2024-03-12,MSFT,10107,415.28,22315583.0,0.0266
2024-03-13,MSFT,10107,415.10001,16981062.0,-0.000433
2024-03-14,MSFT,10107,425.22,33751353.0,0.02438
2024-03-15,MSFT,10107,416.42001,44891350.0,-0.020695
2024-03-18,MSFT,10107,417.32001,19949874.0,0.002161
2024-03-19,MSFT,10107,421.41,19668221.0,0.009801
2024-03-20,MSFT,10107,425.23001,17676370.0,0.009065
2024-03-21,MSFT,10107,429.37,21117664.0,0.009736
2024-03-22,MSFT,10107,428.73999,18010308.0,-0.001467
2024-03-25,MSFT,10107,422.85999,17918528.0,-0.013715
2024-03-26,MSFT,10107,421.64999,16627737.0,-0.002861
2024-03-27,MSFT,10107,421.42999,16547957.0,-0.000522
2024-03-28,MSFT,10107,420.72,21727459.0,-0.001685
2024-04-01,MSFT,10107,424.57001,16115384.0,0.009151
2024-04-02,MSFT,10107,421.44,17680351.0,-0.007372
2024-04-03,MSFT,10107,420.45001,16095533.0,-0.002349
2024-04-04,MSFT,10107,417.88,19192050.0,-0.006113
2024-04-05,MSFT,10107,425.51999,16368011.0,0.018283
2024-04-08,MSFT,10107,424.59,14147670.0,-0.002186
2024-04-09,MSFT,10107,426.28,12383102.0,0.00398
2024-04-10,MSFT,10107,423.26001,16020210.0,-0.007085
2024-04-11,MSFT,10107,427.92999,17847191.0,0.011033
2024-04-12,MSFT,10107,421.89999,19103036.0,-0.014091
2024-04-15,MSFT,10107,413.64001,20118778.0,-0.019578
2024-04-16,MSFT,10107,414.57999,16633484.0,0.002272
2024-04-17,MSFT,10107,411.84,15794760.0,-0.006609
2024-04-18,MSFT,10107,404.26999,20819157.0,-0.018381
2024-04-19,MSFT,10107,399.12,30013838.0,-0.012739
2024-04-22,MSFT,10107,400.95999,20066222.0,0.00461
2024-04-23,MSFT,10107,407.57001,15608990.0,0.016486
2024-04-24,MSFT,10107,409.06,14918642.0,0.003656
2024-04-25,MSFT,10107,399.04001,39955226.0,-0.024495
2024-04-26,MSFT,10107,406.32001,29332852.0,0.018244
2024-04-29,MSFT,10107,402.25,19364519.0,-0.010017
2024-04-30,MSFT,10107,389.32999,28510241.0,-0.032119
2024-05-01,MSFT,10107,394.94,23139887.0,0.014409
2024-05-02,MSFT,10107,397.84,17571403.0,0.007343
2024-05-03,MSFT,10107,406.66,17347804.0,0.02217
2024-05-06,MSFT,10107,413.54001,16857312.0,0.016918
2024-05-07,MSFT,10107,409.34,19807119.0,-0.010156
2024-05-08,MSFT,10107,410.54001,11724973.0,0.002932
2024-05-09,MSFT,10107,412.32001,14613427.0,0.004336
2024-05-10,MSFT,10107,414.73999,13320219.0,0.005869
2024-05-13,MSFT,10107,413.72,15321588.0,-0.002459
2024-05-14,MSFT,10107,416.56,14994036.0,0.006865
2024-05-15,MSFT,10107,423.07999,22043212.0,0.017452
2024-05-16,MSFT,10107,420.98999,17363996.0,-0.00494
2024-05-17,MSFT,10107,420.20999,15230616.0,-0.001853
2024-05-20,MSFT,10107,425.34,16205883.0,0.012208
2024-05-21,MSFT,10107,429.04001,21286679.0,0.008699
2024-05-22,MSFT,10107,430.51999,17917318.0,0.00345
2024-05-23,MSFT,10107,427.0,17001775.0,-0.008176
2024-05-24,MSFT,10107,430.16,11750822.0,0.0074
2024-05-28,MSFT,10107,430.32001,15481467.0,0.000372
2024-05-29,MSFT,10107,429.17001,15305176.0,-0.002672
2024-05-30,MSFT,10107,414.67001,27947098.0,-0.033786
2024-05-31,MSFT,10107,415.13,47360578.0,0.001109
2024-06-03,MSFT,10107,413.51999,17292784.0,-0.003878
2024-06-04,MSFT,10107,416.07001,14512417.0,0.006167
2024-06-05,MSFT,10107,424.01001,16838154.0,0.019083
2024-06-06,MSFT,10107,424.51999,14760086.0,0.001203
2024-06-07,MSFT,10107,423.85001,13542338.0,-0.001578
2024-06-10,MSFT,10107,427.87,13894569.0,0.009484
2024-06-11,MSFT,10107,432.67999,14442965.0,0.011242
2024-06-12,MSFT,10107,441.06,22158443.0,0.019368
2024-06-13,MSFT,10107,441.57999,15844702.0,0.001179
2024-06-14,MSFT,10107,442.57001,13495309.0,0.002242
2024-06-17,MSFT,10107,448.37,20678207.0,0.013105
2024-06-18,MSFT,10107,446.34,16979593.0,-0.004528
2024-06-20,MSFT,10107,445.70001,19616599.0,-0.001434
2024-06-21,MSFT,10107,449.78,34288741.0,0.009154
2024-06-24,MSFT,10107,447.67001,15751623.0,-0.004691
2024-06-25,MSFT,10107,450.95001,16611044.0,0.007327
2024-06-26,MSFT,10107,452.16,16422472.0,0.002683
2024-06-27,MSFT,10107,452.85001,14663990.0,0.001526
2024-06-28,MSFT,10107,446.95001,28013073.0,-0.013029
2024-07-01,MSFT,10107,456.73001,17444696.0,0.021882
2024-07-02,MSFT,10107,459.28,13899176.0,0.005583
2024-07-03,MSFT,10107,460.76999,9811535.0,0.003244
2024-07-05,MSFT,10107,467.56,15907319.0,0.014736
2024-07-08,MSFT,10107,466.23999,12822151.0,-0.002823
2024-07-09,MSFT,10107,459.54001,17060355.0,-0.01437
2024-07-10,MSFT,10107,466.25,18050893.0,0.014602
2024-07-11,MSFT,10107,454.70001,22872453.0,-0.024772
2024-07-12,MSFT,10107,453.54999,16133013.0,-0.002529
2024-07-15,MSFT,10107,453.95999,14319416.0,0.000904
2024-07-16,MSFT,10107,449.51999,17030807.0,-0.009781
2024-07-17,MSFT,10107,443.51999,21710866.0,-0.013348
2024-07-18,MSFT,10107,440.37,20619085.0,-0.007102
2024-07-19,MSFT,10107,437.10999,20769791.0,-0.007403
2024-07-22,MSFT,10107,442.94,15703549.0,0.013338
2024-07-23,MSFT,10107,444.85001,13052351.0,0.004312
2024-07-24,MSFT,10107,428.89999,26621647.0,-0.035855
2024-07-25,MSFT,10107,418.39999,29512557.0,-0.024481
2024-07-26,MSFT,10107,425.26999,23416105.0,0.01642
2024-07-29,MSFT,10107,426.73001,14967564.0,0.003433
2024-07-30,MSFT,10107,422.92001,32031560.0,-0.008928
2024-07-31,MSFT,10107,418.35001,42411431.0,-0.010806
2024-08-01,MSFT,10107,417.10999,30541492.0,-0.002964
2024-08-02,MSFT,10107,408.48999,29078076.0,-0.020666
2024-08-05,MSFT,10107,395.14999,40255236.0,-0.032657
2024-08-06,MSFT,10107,399.60999,24612950.0,0.011287
2024-08-07,MSFT,10107,398.42999,20509096.0,-0.002953
2024-08-08,MSFT,10107,402.69,20069294.0,0.010692
2024-08-09,MSFT,10107,406.01999,19195314.0,0.008269
2024-08-12,MSFT,10107,406.81,16679078.0,0.001946
2024-08-13,MSFT,10107,414.01001,19322150.0,0.017699
2024-08-14,MSFT,10107,416.85999,18220088.0,0.006884
2024-08-15,MSFT,10107,421.03,20617953.0,0.011803
2024-08-16,MSFT,10107,418.47,22701253.0,-0.00608
2024-08-19,MSFT,10107,421.53,15139179.0,0.007312
2024-08-20,MSFT,10107,424.79999,16372327.0,0.007757
2024-08-21,MSFT,10107,424.14001,15934768.0,-0.001554
2024-08-22,MSFT,10107,415.54999,19242772.0,-0.020253
2024-08-23,MSFT,10107,416.79001,18372523.0,0.002984
2024-08-26,MSFT,10107,413.48999,13035184.0,-0.007918
2024-08-27,MSFT,10107,413.84,13375324.0,0.000846
2024-08-28,MSFT,10107,410.60001,14752763.0,-0.007829
2024-08-29,MSFT,10107,413.12,16882720.0,0.006137
2024-08-30,MSFT,10107,417.14001,24055056.0,0.009731
2024-09-03,MSFT,10107,409.44,20081838.0,-0.018459
2024-09-04,MSFT,10107,408.89999,15002927.0,-0.001319
2024-09-05,MSFT,10107,408.39001,14005315.0,-0.001247
2024-09-06,MSFT,10107,401.70001,19475423.0,-0.016381
2024-09-09,MSFT,10107,405.72,15152874.0,0.010007
2024-09-10,MSFT,10107,414.20001,19396521.0,0.020901
2024-09-11,MSFT,10107,423.04001,19102731.0,0.021342
2024-09-12,MSFT,10107,427.0,17253430.0,0.009361
2024-09-13,MSFT,10107,430.59,15770766.0,0.008407
2024-09-16,MSFT,10107,431.34,13726339.0,0.001742
2024-09-17,MSFT,10107,435.14999,18720809.0,0.008833
2024-09-18,MSFT,10107,430.81,18706906.0,-0.009974
2024-09-19,MSFT,10107,438.69,21522774.0,0.018291
2024-09-20,MSFT,10107,435.26999,54918188.0,-0.007796
2024-09-23,MSFT,10107,433.51001,15030763.0,-0.004043
2024-09-24,MSFT,10107,429.17001,16856994.0,-0.010011
2024-09-25,MSFT,10107,432.10999,13285870.0,0.00685
2024-09-26,MSFT,10107,431.31,14330814.0,-0.001851
2024-09-27,MSFT,10107,428.01999,15980709.0,-0.007628
2024-09-30,MSFT,10107,430.29999,16727427.0,0.005327
2024-10-01,MSFT,10107,420.69,18938781.0,-0.022333
2024-10-02,MSFT,10107,417.13,16315283.0,-0.008462
2024-10-03,MSFT,10107,416.54001,13537953.0,-0.001414
2024-10-04,MSFT,10107,416.06,19077845.0,-0.001152
2024-10-07,MSFT,10107,409.54001,20673822.0,-0.015671
2024-10-08,MSFT,10107,414.70999,19076113.0,0.012624
2024-10-09,MSFT,10107,417.45999,14870744.0,0.006631
2024-10-10,MSFT,10107,415.84,13729805.0,-0.003881
2024-10-11,MSFT,10107,416.32001,14045649.0,0.001154
2024-10-14,MSFT,10107,419.14001,16568744.0,0.006774
2024-10-15,MSFT,10107,418.73999,18754075.0,-0.000954
2024-10-16,MSFT,10107,416.12,15384950.0,-0.006257
2024-10-17,MSFT,10107,416.72,14730457.0,0.001442
2024-10-18,MSFT,10107,418.16,17054585.0,0.003456
2024-10-21,MSFT,10107,418.78,14102074.0,0.001483
2024-10-22,MSFT,10107,427.51001,25273568.0,0.020846
2024-10-23,MSFT,10107,424.60001,19499792.0,-0.006807
2024-10-24,MSFT,10107,424.73001,13513603.0,0.000306
2024-10-25,MSFT,10107,428.14999,17042356.0,0.008052
2024-10-28,MSFT,10107,426.59,14734257.0,-0.003644
2024-10-29,MSFT,10107,431.95001,17537160.0,0.012565
2024-10-30,MSFT,10107,432.53,29367685.0,0.001343
2024-10-31,MSFT,10107,406.35001,53273456.0,-0.060528
2024-11-01,MSFT,10107,410.37,24048819.0,0.009893
2024-11-04,MSFT,10107,408.45999,19525749.0,-0.004654
2024-11-05,MSFT,10107,411.45999,17456111.0,0.007345
2024-11-06,MSFT,10107,420.17999,26407190.0,0.021193
2024-11-07,MSFT,10107,425.42999,19720232.0,0.012495
2024-11-08,MSFT,10107,422.54001,16778435.0,-0.006793
2024-11-11,MSFT,10107,418.01001,24331439.0,-0.010721
2024-11-12,MSFT,10107,423.03,19230383.0,0.012009
2024-11-13,MSFT,10107,425.20001,21308759.0,0.00513
2024-11-14,MSFT,10107,426.89001,30050921.0,0.003975
2024-11-15,MSFT,10107,415.0,28777331.0,-0.027853
2024-11-18,MSFT,10107,415.76001,24618460.0,0.001831
2024-11-19,MSFT,10107,417.79001,17963152.0,0.004883
2024-11-20,MSFT,10107,415.48999,19081356.0,-0.005505
2024-11-21,MSFT,10107,412.87,20578044.0,-0.004308
2024-11-22,MSFT,10107,417.0,24636831.0,0.010003
2024-11-25,MSFT,10107,418.79001,27587928.0,0.004293
2024-11-26,MSFT,10107,427.98999,23269477.0,0.021968
2024-11-27,MSFT,10107,422.98999,18165022.0,-0.011683
2024-11-29,MSFT,10107,423.45999,16824185.0,0.001111
2024-12-02,MSFT,10107,430.98001,20060790.0,0.017759
2024-12-03,MSFT,10107,431.20001,18153847.0,0.00051
2024-12-04,MSFT,10107,437.42001,25795196.0,0.014425
2024-12-05,MSFT,10107,442.62,21529986.0,0.011888
2024-12-06,MSFT,10107,443.57001,18679782.0,0.002146
2024-12-09,MSFT,10107,446.01999,18864847.0,0.005523
2024-12-10,MSFT,10107,443.32999,18343169.0,-0.006031
2024-12-11,MSFT,10107,448.98999,19079666.0,0.012767
2024-12-12,MSFT,10107,449.56,20606737.0,0.00127
2024-12-13,MSFT,10107,447.26999,20000538.0,-0.005094
2024-12-16,MSFT,10107,451.59,23416294.0,0.009659
2024-12-17,MSFT,10107,454.45999,22590136.0,0.006355
2024-12-18,MSFT,10107,437.39001,24205593.0,-0.037561
2024-12-19,MSFT,10107,437.03,22817765.0,-0.000823
2024-12-20,MSFT,10107,436.60001,64040182.0,-0.000984
2024-12-23,MSFT,10107,435.25,18961866.0,-0.003092
2024-12-24,MSFT,10107,439.32999,7120367.0,0.009374
2024-12-26,MSFT,10107,438.10999,8132242.0,-0.002777
2024-12-27,MSFT,10107,430.53,17980968.0,-0.017302
2024-12-30,MSFT,10107,424.82999,13072288.0,-0.01324
2024-12-31,MSFT,10107,421.5,13096488.0,-0.007838
