date,ticker,permno,prc,vol,ret
2020-12-14,META,13407,274.19,16344724.0,0.00234
2020-12-15,META,13407,275.54999,23923009.0,0.00496
2020-12-16,META,13407,275.67001,15852717.0,0.000436
2020-12-17,META,13407,274.48001,16340810.0,-0.004317
2020-12-18,META,13407,276.39999,26626690.0,0.006995
2020-12-21,META,13407,272.79001,16502584.0,-0.013061
2020-12-22,META,13407,267.09,17247755.0,-0.020895
2020-12-23,META,13407,268.10999,14274639.0,0.003819
2020-12-24,META,13407,267.39999,6624701.0,-0.002648
2020-12-28,META,13407,277.0,23265734.0,0.035901
2020-12-29,META,13407,276.78,16351373.0,-0.000794
2020-12-30,META,13407,271.87,11887488.0,-0.01774
2020-12-31,META,13407,273.16,12853391.0,0.004745
2021-01-04,META,13407,268.94,15071626.0,-0.015449
2021-01-05,META,13407,270.97,9836115.0,0.007548
2021-01-06,META,13407,263.31,24273970.0,-0.028269
2021-01-07,META,13407,268.73999,15726072.0,0.020622
2021-01-08,META,13407,267.57001,18461320.0,-0.004354
2021-01-11,META,13407,256.84,30407959.0,-0.040102
2021-01-12,META,13407,251.09,26405192.0,-0.022388
2021-01-13,META,13407,251.64,19513870.0,0.00219
2021-01-14,META,13407,245.64,29670267.0,-0.023844
2021-01-15,META,13407,251.36,25171005.0,0.023286
2021-01-19,META,13407,261.10001,27971907.0,0.038749
2021-01-20,META,13407,267.48001,25105470.0,0.024435
2021-01-21,META,13407,272.87,20763061.0,0.020151
2021-01-22,META,13407,274.5,21929540.0,0.005974
2021-01-25,META,13407,278.01001,19045403.0,0.012787
2021-01-26,META,13407,282.04999,19308273.0,0.014532
2021-01-27,META,13407,272.14001,35139010.0,-0.035136
2021-01-28,META,13407,265.0,37543868.0,-0.026237
2021-01-29,META,13407,258.32999,30277802.0,-0.02517
2021-02-01,META,13407,262.01001,22865235.0,0.014245
2021-02-02,META,13407,267.07999,17259584.0,0.01935
2021-02-03,META,13407,266.64999,14207210.0,-0.00161
2021-02-04,META,13407,266.48999,16036438.0,-0.0006
2021-02-05,META,13407,268.10001,12436862.0,0.006042
2021-02-08,META,13407,266.57999,13725697.0,-0.00567
2021-02-09,META,13407,269.45001,14589056.0,0.010766
2021-02-10,META,13407,271.87,14624456.0,0.008981
2021-02-11,META,13407,270.39001,12833071.0,-0.005444
2021-02-12,META,13407,270.5,9078297.0,0.000407
2021-02-16,META,13407,273.97,15356910.0,0.012828
2021-02-17,META,13407,273.57001,12683003.0,-0.00146
2021-02-18,META,13407,269.39001,15350785.0,-0.015279
2021-02-19,META,13407,261.56,25497358.0,-0.029066
2021-02-22,META,13407,260.32999,17356113.0,-0.004703
2021-02-23,META,13407,265.85501,21773188.0,0.021223
2021-02-24,META,13407,264.31,15657733.0,-0.005811
2021-02-25,META,13407,254.69,18953046.0,-0.036397
2021-02-26,META,13407,257.62,26432682.0,0.011504
2021-03-01,META,13407,264.91,22051325.0,0.028298
2021-03-02,META,13407,259.0,15146457.0,-0.02231
2021-03-03,META,13407,255.41,15432721.0,-0.013861
2021-03-04,META,13407,257.64001,31543402.0,0.008731
2021-03-05,META,13407,264.28,26725537.0,0.025772
2021-03-08,META,13407,255.31,18348351.0,-0.033941
2021-03-09,META,13407,265.73999,22026502.0,0.040852
2021-03-10,META,13407,264.89999,14180945.0,-0.003161
2021-03-11,META,13407,273.88,21775819.0,0.0339
2021-03-12,META,13407,268.39999,20550003.0,-0.020009
2021-03-15,META,13407,273.75,16802848.0,0.019933
2021-03-16,META,13407,279.28,22397407.0,0.020201
2021-03-17,META,13407,284.01001,21275901.0,0.016936
2021-03-18,META,13407,278.62,18696782.0,-0.018978
2021-03-19,META,13407,290.10999,38769927.0,0.041239
2021-03-22,META,13407,293.54001,28237462.0,0.011823
2021-03-23,META,13407,290.63,22961333.0,-0.009913
2021-03-24,META,13407,282.14001,18614563.0,-0.029212
2021-03-25,META,13407,278.73999,24455591.0,-0.012051
2021-03-26,META,13407,283.01999,17589712.0,0.015355
2021-03-29,META,13407,290.82001,21662481.0,0.02756
2021-03-30,META,13407,288.0,17430960.0,-0.009697
2021-03-31,META,13407,294.53,19467845.0,0.022674
2021-04-01,META,13407,298.66,17583344.0,0.014022
2021-04-05,META,13407,308.91,28184921.0,0.03432
2021-04-06,META,13407,306.26001,17312935.0,-0.008579
2021-04-07,META,13407,313.09,22820599.0,0.022301
2021-04-08,META,13407,313.01999,20854836.0,-0.000224
2021-04-09,META,13407,312.45999,15948455.0,-0.001789
2021-04-12,META,13407,311.54001,10839796.0,-0.002944
2021-04-13,META,13407,309.76001,14001333.0,-0.005714
2021-04-14,META,13407,302.82001,17374736.0,-0.022404
2021-04-15,META,13407,307.82001,14515426.0,0.016512
2021-04-16,META,13407,306.17999,13038028.0,-0.005328
2021-04-19,META,13407,302.23999,14527117.0,-0.012868
2021-04-20,META,13407,302.64999,16771433.0,0.001357
2021-04-21,META,13407,301.47,14800040.0,-0.003899
2021-04-22,META,13407,296.51999,16318952.0,-0.01642
2021-04-23,META,13407,301.13,17504463.0,0.015547
2021-04-26,META,13407,303.04001,16125318.0,0.006343
2021-04-27,META,13407,303.57001,15289306.0,0.001749
2021-04-28,META,13407,307.10001,33984974.0,0.011628
2021-04-29,META,13407,329.51001,56464006.0,0.072973
2021-04-30,META,13407,325.07999,26271688.0,-0.013444
2021-05-03,META,13407,322.57999,18677411.0,-0.00769
2021-05-04,META,13407,318.35999,24009825.0,-0.013082
2021-05-05,META,13407,315.01999,15551798.0,-0.010491
2021-05-06,META,13407,320.01999,18960349.0,0.015872
2021-05-07,META,13407,319.07999,15884722.0,-0.002937
2021-05-10,META,13407,305.97,24157611.0,-0.041087
2021-05-11,META,13407,306.53,18876417.0,0.00183
2021-05-12,META,13407,302.54999,24651739.0,-0.012984
2021-05-13,META,13407,305.26001,18026127.0,0.008957
2021-05-14,META,13407,315.94,19206077.0,0.034987
2021-05-17,META,13407,315.45999,15363962.0,-0.001519
2021-05-18,META,13407,309.95999,14500548.0,-0.017435
2021-05-19,META,13407,313.59,19084621.0,0.011711
2021-05-20,META,13407,318.60999,17289934.0,0.016008
2021-05-21,META,13407,316.23001,13565721.0,-0.00747
2021-05-24,META,13407,324.63,16388887.0,0.026563
2021-05-25,META,13407,327.79001,16404265.0,0.009734
2021-05-26,META,13407,327.66,9673301.0,-0.000397
2021-05-27,META,13407,332.75,20447377.0,0.015534
2021-05-28,META,13407,328.73001,12019386.0,-0.012081
2021-06-01,META,13407,329.13,11762179.0,0.001217
2021-06-02,META,13407,329.14999,11634434.0,6.1e-05
2021-06-03,META,13407,326.04001,12580195.0,-0.009449
2021-06-04,META,13407,330.35001,13274422.0,0.013219
2021-06-07,META,13407,336.57999,20109109.0,0.018859
2021-06-08,META,13407,333.67999,14517383.0,-0.008616
2021-06-09,META,13407,330.25,13654117.0,-0.010279
2021-06-10,META,13407,332.45999,13173271.0,0.006692
2021-06-11,META,13407,331.26001,13576799.0,-0.003609
2021-06-14,META,13407,336.76999,12357080.0,0.016633
2021-06-15,META,13407,336.75,15765003.0,-5.9e-05
2021-06-16,META,13407,331.07999,17162171.0,-0.016838
2021-06-17,META,13407,336.51001,17726756.0,0.016401
2021-06-18,META,13407,329.66,23001312.0,-0.020356
2021-06-21,META,13407,332.29001,11287964.0,0.007978
2021-06-22,META,13407,339.03,15320032.0,0.020284
2021-06-23,META,13407,340.59,14793942.0,0.004601
2021-06-24,META,13407,343.17999,12299818.0,0.007604
2021-06-25,META,13407,341.37,14552914.0,-0.005274
2021-06-28,META,13407,355.64001,29137900.0,0.041802
2021-06-29,META,13407,351.89001,21371398.0,-0.010544
2021-06-30,META,21413,15.12,333986.0,
2021-06-30,META,13407,347.70999,15086639.0,-0.011879
2021-07-01,META,13407,354.39001,17110549.0,0.019212
2021-07-01,META,21413,14.89,229209.0,-0.015212
2021-07-02,META,21413,15.0,367186.0,0.007387
2021-07-02,META,13407,354.70001,11460392.0,0.000875
2021-07-06,META,21413,15.01,653995.0,0.000667
2021-07-06,META,13407,352.78,13464872.0,-0.005413
2021-07-07,META,21413,14.89,358545.0,-0.007995
2021-07-07,META,13407,350.48999,14168749.0,-0.006491
2021-07-08,META,21413,14.74,201865.0,-0.010074
2021-07-08,META,13407,345.64999,14390448.0,-0.013809
2021-07-09,META,21413,14.9,176069.0,0.010855
2021-07-09,META,13407,350.42001,12995391.0,0.0138
2021-07-12,META,21413,14.94,243131.0,0.002685
2021-07-12,META,13407,353.16,9782368.0,0.007819
2021-07-13,META,21413,14.9,249125.0,-0.002677
2021-07-13,META,13407,352.09,11413719.0,-0.00303
2021-07-14,META,21413,14.76,186859.0,-0.009396
2021-07-14,META,13407,347.63,13855876.0,-0.012667
2021-07-15,META,21413,14.54,167068.0,-0.014905
2021-07-15,META,13407,344.45999,14729301.0,-0.009119
2021-07-16,META,21413,14.38,97888.0,-0.011004
2021-07-16,META,13407,341.16,11005168.0,-0.00958
2021-07-19,META,13407,336.95001,14330749.0,-0.01234
2021-07-19,META,21413,14.31,106055.0,-0.004868
2021-07-20,META,13407,341.66,10998404.0,0.013978
2021-07-20,META,21413,14.46,80031.0,0.010482
2021-07-21,META,21413,14.67,75710.0,0.014523
2021-07-21,META,13407,346.23001,9234650.0,0.013376
2021-07-22,META,21413,14.7088,86272.0,0.002645
2021-07-22,META,13407,351.19,12338635.0,0.014326
2021-07-23,META,21413,14.8,164021.0,0.0062
2021-07-23,META,13407,369.79001,33576257.0,0.052963
2021-07-26,META,21413,14.63,114072.0,-0.011487
2021-07-26,META,13407,372.45999,14868601.0,0.00722
2021-07-27,META,21413,14.36,130861.0,-0.018455
2021-07-27,META,13407,367.81,15649973.0,-0.012485
2021-07-28,META,13407,373.28,29591184.0,0.014872
2021-07-28,META,21413,14.6226,66995.0,0.018287
2021-07-29,META,13407,358.32001,33325185.0,-0.040077
2021-07-29,META,21413,14.7173,92769.0,0.006476
2021-07-30,META,13407,356.29999,15923042.0,-0.005637
2021-07-30,META,21413,14.62,67276.0,-0.006611
2021-08-02,META,21413,14.64,87711.0,0.001368
2021-08-02,META,13407,351.95001,13153831.0,-0.012209
2021-08-03,META,21413,14.57,119306.0,-0.004781
2021-08-03,META,13407,351.23999,12381721.0,-0.002017
2021-08-04,META,13407,358.92001,14129867.0,0.021866
2021-08-04,META,21413,14.72,98578.0,0.010295
2021-08-05,META,13407,362.97,10199627.0,0.011284
2021-08-05,META,21413,14.73,220194.0,0.000679
2021-08-06,META,13407,363.51001,8896938.0,0.001488
2021-08-06,META,21413,14.65,143659.0,-0.005431
2021-08-09,META,13407,361.60999,7761480.0,-0.005227
2021-08-09,META,21413,14.8107,115247.0,0.010969
2021-08-10,META,13407,361.13,7448729.0,-0.001327
2021-08-10,META,21413,14.67,131568.0,-0.0095
2021-08-11,META,13407,359.95999,8384360.0,-0.00324
2021-08-11,META,21413,14.7,260877.0,0.002045
2021-08-12,META,13407,362.64999,7150982.0,0.007473
2021-08-12,META,21413,14.75,153521.0,0.003401
2021-08-13,META,21413,14.74,93899.0,-0.000678
2021-08-13,META,13407,363.17999,7764810.0,0.001461
2021-08-16,META,13407,366.56,11199694.0,0.009307
2021-08-16,META,21413,14.55,194217.0,-0.01289
2021-08-17,META,13407,358.45001,12283641.0,-0.022125
2021-08-17,META,21413,14.31,199607.0,-0.016495
2021-08-18,META,13407,355.45001,10013883.0,-0.008369
2021-08-18,META,21413,14.27,222496.0,-0.002795
2021-08-19,META,13407,355.12,11888694.0,-0.000928
2021-08-19,META,21413,14.23,110171.0,-0.002803
2021-08-20,META,13407,359.37,8673227.0,0.011968
2021-08-20,META,21413,14.45,100029.0,0.01546
2021-08-23,META,21413,14.7498,161891.0,0.020747
2021-08-23,META,13407,363.35001,10906700.0,0.011075
2021-08-24,META,13407,365.51001,9214021.0,0.005945
2021-08-24,META,21413,14.91,190996.0,0.010861
2021-08-25,META,21413,15.02,171461.0,0.007378
2021-08-25,META,13407,368.39001,9664839.0,0.007879
2021-08-26,META,13407,364.38,7847482.0,-0.010885
2021-08-26,META,21413,14.81,173937.0,-0.013981
2021-08-27,META,13407,372.63,11182647.0,0.022641
2021-08-27,META,21413,14.96,122997.0,0.010128
2021-08-30,META,21413,15.03,221500.0,0.004679
2021-08-30,META,13407,380.66,13512297.0,0.02155
2021-08-31,META,21413,15.11,155281.0,0.005323
2021-08-31,META,13407,379.38,12288893.0,-0.003363
2021-09-01,META,13407,382.04999,11514575.0,0.007038
2021-09-01,META,21413,15.24,1842011.0,0.008604
2021-09-02,META,13407,375.28,14807145.0,-0.01772
2021-09-02,META,21413,15.23,301698.0,-0.000656
2021-09-03,META,21413,15.35,283396.0,0.007879
2021-09-03,META,13407,376.26001,7498459.0,0.002611
2021-09-07,META,21413,15.41,289305.0,0.003909
2021-09-07,META,13407,382.17999,10762115.0,0.015734
2021-09-08,META,13407,377.57001,11028608.0,-0.012062
2021-09-08,META,21413,15.21,374524.0,-0.012979
2021-09-09,META,13407,378.0,9068454.0,0.001139
2021-09-09,META,21413,15.18,217854.0,-0.001972
2021-09-10,META,21413,15.12,157688.0,-0.003953
2021-09-10,META,13407,378.69,11480002.0,0.001825
2021-09-13,META,13407,376.51001,12970618.0,-0.005757
2021-09-13,META,21413,15.03,351695.0,-0.005952
2021-09-14,META,13407,376.53,8667954.0,5.3e-05
2021-09-14,META,21413,14.99,122781.0,-0.002661
2021-09-15,META,13407,373.92001,17887313.0,-0.006932
2021-09-15,META,21413,15.01,165872.0,0.001334
2021-09-16,META,13407,373.06,11879502.0,-0.0023
2021-09-16,META,21413,15.03,124687.0,0.001332
2021-09-17,META,13407,364.72,26215673.0,-0.022356
2021-09-17,META,21413,14.93,98599.0,-0.006653
2021-09-20,META,21413,14.43,349751.0,-0.03349
2021-09-20,META,13407,355.70001,19720360.0,-0.024731
2021-09-21,META,13407,357.48001,11711873.0,0.005004
2021-09-21,META,21413,14.56,140429.0,0.009009
2021-09-22,META,21413,14.73,118366.0,0.011676
2021-09-22,META,13407,343.20999,43572006.0,-0.039918
2021-09-23,META,13407,345.95999,21692743.0,0.008013
2021-09-23,META,21413,14.93,133193.0,0.013578
2021-09-24,META,13407,352.95999,18762156.0,0.020234
2021-09-24,META,21413,14.91,143940.0,-0.00134
2021-09-27,META,21413,14.8,94517.0,-0.007378
2021-09-27,META,13407,353.57999,15163831.0,0.001757
2021-09-28,META,21413,14.27,335011.0,-0.035811
2021-09-28,META,13407,340.64999,21646598.0,-0.036569
2021-09-29,META,21413,14.16,383356.0,-0.007709
2021-09-29,META,13407,339.60999,14396360.0,-0.003053
2021-09-30,META,21413,14.16,124490.0,0.0
2021-09-30,META,13407,339.39001,16477324.0,-0.000648
2021-10-01,META,13407,343.01001,14870495.0,0.010666
2021-10-01,META,21413,14.25,120143.0,0.006356
2021-10-04,META,21413,13.9,211957.0,-0.024561
2021-10-04,META,13407,326.23001,42813091.0,-0.04892
2021-10-05,META,21413,14.04,76306.0,0.010072
2021-10-05,META,13407,332.95999,35277115.0,0.02063
2021-10-06,META,13407,333.64001,26344164.0,0.002042
2021-10-06,META,21413,14.1,80926.0,0.004274
2021-10-07,META,21413,14.39,154569.0,0.020567
2021-10-07,META,13407,329.22,28258623.0,-0.013248
2021-10-08,META,13407,330.04999,15907854.0,0.002521
2021-10-08,META,21413,14.31,118739.0,-0.005559
2021-10-11,META,13407,325.45001,14664695.0,-0.013937
2021-10-11,META,21413,14.23,74377.0,-0.005591
2021-10-12,META,21413,14.23,80131.0,0.0
2021-10-12,META,13407,323.76999,31599904.0,-0.005162
2021-10-13,META,13407,324.54001,14732778.0,0.002378
2021-10-13,META,21413,14.44,257245.0,0.014758
2021-10-14,META,13407,328.53,14272913.0,0.012294
2021-10-14,META,21413,14.64,103746.0,0.013851
2021-10-15,META,21413,14.78,177948.0,0.009563
2021-10-15,META,13407,324.76001,21497620.0,-0.011475
2021-10-18,META,13407,335.34,21538490.0,0.032578
2021-10-18,META,21413,14.92,145590.0,0.009472
2021-10-19,META,13407,339.98999,18748371.0,0.013867
2021-10-19,META,21413,15.16,211679.0,0.016086
2021-10-20,META,21413,15.12,210689.0,-0.002639
2021-10-20,META,13407,340.78,13581509.0,0.002324
2021-10-21,META,21413,15.31,277676.0,0.012566
2021-10-21,META,13407,341.88,16321427.0,0.003228
2021-10-22,META,21413,14.94,274371.0,-0.024167
2021-10-22,META,13407,324.60999,35071667.0,-0.050515
2021-10-25,META,13407,328.69,37892948.0,0.012569
2021-10-25,META,21413,15.04,410574.0,0.006693
2021-10-26,META,13407,315.81,64936609.0,-0.039186
2021-10-26,META,21413,15.04,663555.0,0.0
2021-10-27,META,13407,312.22,29504110.0,-0.011368
2021-10-27,META,21413,14.93,338916.0,-0.007314
2021-10-28,META,13407,316.92001,50186823.0,0.015054
2021-10-28,META,21413,15.22,2215936.0,0.019424
2021-10-29,META,13407,323.57001,36644193.0,0.020983
2021-10-29,META,21413,15.32,1734118.0,0.00657
2021-11-01,META,13407,329.98001,31071845.0,0.01981
2021-11-01,META,21413,15.5,2482332.0,0.011749
2021-11-02,META,21413,15.47,1446890.0,-0.001935
2021-11-02,META,13407,328.07999,27908161.0,-0.005758
2021-11-03,META,21413,15.6,1428302.0,0.008403
2021-11-03,META,13407,331.62,20272313.0,0.01079
2021-11-04,META,21413,15.82,1772318.0,0.014103
2021-11-04,META,13407,335.85001,22043886.0,0.012756
2021-11-05,META,13407,341.13,26394690.0,0.015721
2021-11-05,META,21413,15.75,2371113.0,-0.004425
2021-11-08,META,21413,15.99,3610406.0,0.015238
2021-11-08,META,13407,338.62,17804202.0,-0.007358
2021-11-09,META,13407,335.37,17131057.0,-0.009598
2021-11-09,META,21413,16.39,5028837.0,0.025016
2021-11-10,META,13407,327.64001,21442064.0,-0.023049
2021-11-10,META,21413,15.91,3672017.0,-0.029286
2021-11-11,META,21413,16.09,2476084.0,0.011314
2021-11-11,META,13407,327.73999,12394821.0,0.000305
2021-11-12,META,13407,340.89001,25392328.0,0.040123
2021-11-12,META,21413,16.45,3764549.0,0.022374
2021-11-15,META,13407,347.56,24995714.0,0.019566
2021-11-15,META,21413,16.53,7582899.0,0.004863
2021-11-16,META,21413,16.77,5542536.0,0.014519
2021-11-16,META,13407,342.95999,18140649.0,-0.013235
2021-11-17,META,13407,340.76999,13549260.0,-0.006386
2021-11-17,META,21413,16.73,6534341.0,-0.002385
2021-11-18,META,13407,338.69,17413202.0,-0.006104
2021-11-18,META,21413,16.84,7976486.0,0.006575
2021-11-19,META,13407,345.29999,26360998.0,0.019516
2021-11-19,META,21413,16.9,5918489.0,0.003563
2021-11-22,META,13407,341.01001,27020182.0,-0.012424
2021-11-22,META,21413,16.3,7956088.0,-0.035503
2021-11-23,META,13407,337.25,17168818.0,-0.011026
2021-11-23,META,21413,16.1,4578303.0,-0.01227
2021-11-24,META,21413,16.28,3151818.0,0.01118
2021-11-24,META,13407,341.06,13509937.0,0.011297
2021-11-26,META,21413,16.01,4179966.0,-0.016585
2021-11-26,META,13407,333.12,14695629.0,-0.02328
2021-11-29,META,21413,16.38,4274010.0,0.023111
2021-11-29,META,13407,338.03,16558531.0,0.014739
2021-11-30,META,13407,324.45999,25273290.0,-0.040144
2021-11-30,META,21413,16.1,4992415.0,-0.017094
2021-12-01,META,21413,15.47,6225015.0,-0.03913
2021-12-01,META,13407,310.60001,30191483.0,-0.042717
2021-12-02,META,21413,15.6,2956254.0,0.008403
2021-12-02,META,13407,310.39001,24123218.0,-0.000676
2021-12-03,META,13407,306.84,27416404.0,-0.011437
2021-12-03,META,21413,15.19,4098283.0,-0.026282
2021-12-06,META,21413,15.26,2918764.0,0.004608
2021-12-06,META,13407,317.87,21661187.0,0.035947
2021-12-07,META,21413,15.84,2558783.0,0.038008
2021-12-07,META,13407,322.81,18706018.0,0.015541
2021-12-08,META,21413,16.04,2932906.0,0.012626
2021-12-08,META,13407,330.56,19857887.0,0.024008
2021-12-09,META,13407,329.82001,16811181.0,-0.002239
2021-12-09,META,21413,15.58,2600902.0,-0.028678
2021-12-10,META,13407,329.75,14436436.0,-0.000212
2021-12-10,META,21413,15.52,1848318.0,-0.003851
2021-12-13,META,21413,15.24,2178533.0,-0.018041
2021-12-13,META,13407,334.48999,22864099.0,0.014375
2021-12-14,META,13407,333.73999,20368163.0,-0.002242
2021-12-14,META,21413,15.06,2662945.0,-0.011811
2021-12-15,META,13407,341.66,24513175.0,0.023731
2021-12-15,META,21413,15.28,2356281.0,0.014608
2021-12-16,META,21413,14.79,2511073.0,-0.032068
2021-12-16,META,13407,334.89999,22529938.0,-0.019786
2021-12-17,META,21413,14.9,2285306.0,0.007437
2021-12-17,META,13407,333.79001,39912221.0,-0.003314
2021-12-20,META,21413,14.65,1757551.0,-0.016779
2021-12-20,META,13407,325.45001,17832514.0,-0.024986
2021-12-21,META,21413,15.17,1606675.0,0.035495
2021-12-21,META,13407,334.20001,16070999.0,0.026886
2021-12-22,META,13407,330.45001,16684057.0,-0.011221
2021-12-22,META,21413,15.24,2486958.0,0.004614
2021-12-23,META,21413,15.36,1889063.0,0.007874
2021-12-23,META,13407,335.23999,13921613.0,0.014495
2021-12-27,META,13407,346.17999,17758410.0,0.032633
2021-12-27,META,21413,15.6,2088905.0,0.015625
2021-12-28,META,13407,346.22,16588725.0,0.000116
2021-12-28,META,21413,15.37,2094794.0,-0.014744
2021-12-29,META,13407,342.94,10716542.0,-0.009474
2021-12-29,META,21413,15.25,1754742.0,-0.007807
2021-12-30,META,21413,15.31,1481543.0,0.003934
2021-12-30,META,13407,344.35999,10556132.0,0.004141
2021-12-31,META,21413,15.18,1367278.0,-0.008491
2021-12-31,META,13407,336.35001,12833984.0,-0.023261
2022-01-03,META,13407,338.54001,14521724.0,0.006511
2022-01-03,META,21413,15.25,2271695.0,0.004611
2022-01-04,META,21413,14.91,3030653.0,-0.022295
2022-01-04,META,13407,336.53,15926607.0,-0.005937
2022-01-05,META,13407,324.17001,20506237.0,-0.036728
2022-01-05,META,21413,14.24,3229326.0,-0.044936
2022-01-06,META,13407,332.45999,27855944.0,0.025573
2022-01-06,META,21413,14.28,2934433.0,0.002809
2022-01-07,META,21413,14.13,1947869.0,-0.010504
2022-01-07,META,13407,331.79001,14656798.0,-0.002015
2022-01-10,META,21413,14.13,2545030.0,0.0
2022-01-10,META,13407,328.07001,24859449.0,-0.011212
2022-01-11,META,13407,334.37,16161605.0,0.019203
2022-01-11,META,21413,14.46,1712195.0,0.023355
2022-01-12,META,13407,333.26001,14046123.0,-0.00332
2022-01-12,META,21413,14.53,1454029.0,0.004841
2022-01-13,META,13407,326.48001,14721028.0,-0.020345
2022-01-13,META,21413,13.9,2161494.0,-0.043359
2022-01-14,META,13407,331.89999,16735711.0,0.016601
2022-01-14,META,21413,13.97,1682546.0,0.005036
2022-01-18,META,21413,13.55,2247109.0,-0.030064
2022-01-18,META,13407,318.14999,22559458.0,-0.041428
2022-01-19,META,13407,319.59,20713963.0,0.004526
2022-01-19,META,21413,13.41,1657123.0,-0.010332
2022-01-20,META,21413,13.3,1868892.0,-0.008203
2022-01-20,META,13407,316.56,16394141.0,-0.009481
2022-01-21,META,21413,12.77,2483983.0,-0.03985
2022-01-21,META,13407,303.17001,28574104.0,-0.042298
2022-01-24,META,21413,12.84,4186226.0,0.005482
2022-01-24,META,13407,308.70999,38660796.0,0.018274
2022-01-25,META,21413,12.43,1801800.0,-0.031932
2022-01-25,META,13407,300.14999,24980329.0,-0.027728
2022-01-26,META,13407,294.63,28325126.0,-0.018391
2022-01-26,META,21413,12.28,2167547.0,-0.012068
2022-01-27,META,21413,11.95,1300741.0,-0.026873
2022-01-27,META,13407,294.64001,21762860.0,3.4e-05
2022-01-28,META,21413,12.31,1571954.0,0.030126
2022-01-28,META,13407,301.70999,21788628.0,0.023995
2022-01-31,META,21413,13.0,851193.0,0.056052
2022-01-31,META,13407,313.26001,21469891.0,0.038282
2022-02-01,META,13407,319.0,17941969.0,0.018323
2022-02-01,META,21413,13.13,1008690.0,0.01
2022-02-02,META,21413,13.11,1061460.0,-0.001523
2022-02-02,META,13407,323.0,58412793.0,0.012539
2022-02-03,META,13407,237.75999,187579366.0,-0.263901
2022-02-03,META,21413,12.2,1466658.0,-0.069413
2022-02-04,META,13407,237.09,89244631.0,-0.002818
2022-02-04,META,21413,12.8,797194.0,0.04918
2022-02-07,META,13407,224.91,88461405.0,-0.051373
2022-02-07,META,21413,12.72,895940.0,-0.00625
2022-02-08,META,21413,12.82,1533756.0,0.007862
2022-02-08,META,13407,220.17999,94504884.0,-0.021031
2022-02-09,META,21413,13.32,742195.0,0.039002
2022-02-09,META,13407,232.0,86409132.0,0.053683
2022-02-10,META,13407,228.07001,49188925.0,-0.01694
2022-02-10,META,21413,12.99,866282.0,-0.024775
2022-02-11,META,13407,219.55,46078257.0,-0.037357
2022-02-11,META,21413,12.52,808073.0,-0.036182
2022-02-14,META,13407,217.7,38104123.0,-0.008426
2022-02-14,META,21413,12.43,515726.0,-0.007189
2022-02-15,META,13407,221.0,42575808.0,0.015159
2022-02-15,META,21413,12.92,421995.0,0.039421
2022-02-16,META,13407,216.53999,45718020.0,-0.020181
2022-02-16,META,21413,12.6,721401.0,-0.024768
2022-02-17,META,13407,207.71001,38687077.0,-0.040778
2022-02-17,META,21413,12.1,1010283.0,-0.039683
2022-02-18,META,21413,11.83,903991.0,-0.022314
2022-02-18,META,13407,206.16,37041977.0,-0.007462
2022-02-22,META,21413,11.63,1176773.0,-0.016906
2022-02-22,META,13407,202.08,39769156.0,-0.019791
2022-02-23,META,21413,11.37,1064355.0,-0.022356
2022-02-23,META,13407,198.45,44431814.0,-0.017963
2022-02-24,META,13407,207.60001,49875559.0,0.046107
2022-02-24,META,21413,11.79,1649411.0,0.036939
2022-02-25,META,21413,11.97,913376.0,0.015267
2022-02-25,META,13407,210.48,37552713.0,0.013873
2022-02-28,META,21413,12.08,486989.0,0.00919
2022-02-28,META,13407,211.03,30459090.0,0.002613
2022-03-01,META,21413,11.78,575757.0,-0.024835
2022-03-01,META,13407,203.49001,26915815.0,-0.03573
2022-03-02,META,13407,208.11,29365355.0,0.022704
2022-03-02,META,21413,11.89,719307.0,0.009338
2022-03-03,META,21413,11.53,745511.0,-0.030278
2022-03-03,META,13407,202.97,27215175.0,-0.024699
2022-03-04,META,21413,11.19,591022.0,-0.029488
2022-03-04,META,13407,200.06,32069275.0,-0.014337
2022-03-07,META,13407,187.47,38435545.0,-0.062931
2022-03-07,META,21413,10.66,1510958.0,-0.047364
2022-03-08,META,13407,190.28999,37450175.0,0.015042
2022-03-08,META,21413,10.7,721207.0,0.003752
2022-03-09,META,21413,11.19,649254.0,0.045794
2022-03-09,META,13407,198.5,31857442.0,0.043145
2022-03-10,META,21413,11.02,477715.0,-0.015192
2022-03-10,META,13407,195.21001,24808869.0,-0.016574
2022-03-11,META,13407,187.61,34552634.0,-0.038933
2022-03-11,META,21413,10.66,589679.0,-0.032668
2022-03-14,META,13407,186.63,30926638.0,-0.005224
2022-03-14,META,21413,10.29,729838.0,-0.034709
2022-03-15,META,13407,192.03,31847967.0,0.028934
2022-03-15,META,21413,10.61,702161.0,0.031098
2022-03-16,META,21413,11.32,617966.0,0.066918
2022-03-16,META,13407,203.63,40560793.0,0.060407
2022-03-17,META,13407,207.84,29391195.0,0.020675
2022-03-17,META,21413,11.56,666978.0,0.021202
2022-03-18,META,13407,216.49001,52051494.0,0.041619
2022-03-18,META,21413,11.93,564408.0,0.032007
2022-03-21,META,13407,211.49001,30093781.0,-0.023096
2022-03-21,META,21413,11.72,486372.0,-0.017603
2022-03-22,META,21413,12.06,563201.0,0.02901
2022-03-22,META,13407,216.64999,31921890.0,0.024398
2022-03-23,META,21413,11.94,384424.0,-0.00995
2022-03-23,META,13407,213.46001,23656745.0,-0.014724
2022-03-24,META,21413,12.19,459402.0,0.020938
2022-03-24,META,13407,219.57001,31383831.0,0.028624
2022-03-25,META,13407,221.82001,39870299.0,0.010247
2022-03-25,META,21413,11.95,409240.0,-0.019688
2022-03-28,META,13407,223.59,26178024.0,0.007979
2022-03-28,META,21413,12.17,362220.0,0.01841
2022-03-29,META,21413,12.56,900321.0,0.032046
2022-03-29,META,13407,229.86,31366626.0,0.028042
2022-03-30,META,13407,227.85001,25552938.0,-0.008744
2022-03-30,META,21413,12.26,792705.0,-0.023885
2022-03-31,META,21413,11.96,326389.0,-0.02447
2022-03-31,META,13407,222.36,24089130.0,-0.024095
2022-04-01,META,21413,11.95,290255.0,-0.000836
2022-04-01,META,13407,224.85001,19502197.0,0.011198
2022-04-04,META,21413,12.44,382919.0,0.041004
2022-04-04,META,13407,233.89,28020313.0,0.040205
2022-04-05,META,13407,231.84,29686929.0,-0.008765
2022-04-05,META,21413,12.05,521028.0,-0.03135
2022-04-06,META,13407,223.3,28846053.0,-0.036836
2022-04-06,META,21413,11.57,515777.0,-0.039834
2022-04-07,META,13407,222.95,21007438.0,-0.001567
2022-04-07,META,21413,11.47,356492.0,-0.008643
2022-04-08,META,13407,222.33,18343961.0,-0.002781
2022-04-08,META,21413,11.27,536573.0,-0.017437
2022-04-11,META,13407,216.46001,20463550.0,-0.026402
2022-04-11,META,21413,11.04,597443.0,-0.020408
2022-04-12,META,13407,214.14,20095380.0,-0.010718
2022-04-12,META,21413,10.92,455259.0,-0.01087
2022-04-13,META,13407,214.99001,19164677.0,0.003969
2022-04-13,META,21413,11.21,362959.0,0.026557
2022-04-14,META,21413,10.85,401526.0,-0.032114
2022-04-14,META,13407,210.17999,18337924.0,-0.022373
2022-04-18,META,21413,10.76,366416.0,-0.008295
2022-04-18,META,13407,210.77,16542984.0,0.002807
2022-04-19,META,13407,217.31,20041400.0,0.031029
2022-04-19,META,21413,11.02,277844.0,0.024164
2022-04-20,META,13407,200.42,42918085.0,-0.077723
2022-04-20,META,21413,10.58,504993.0,-0.039928
2022-04-21,META,13407,188.07001,49841315.0,-0.061621
2022-04-21,META,21413,10.17,992200.0,-0.038752
2022-04-22,META,21413,9.95,768485.0,-0.021632
2022-04-22,META,13407,184.11,36315000.0,-0.021056
2022-04-25,META,21413,10.08,852138.0,0.013065
2022-04-25,META,13407,186.99001,29226027.0,0.015643
2022-04-26,META,13407,180.95,31635196.0,-0.032301
2022-04-26,META,21413,9.63,1008295.0,-0.044643
2022-04-27,META,13407,174.95,70953316.0,-0.033158
2022-04-27,META,21413,9.47,825276.0,-0.016615
2022-04-28,META,13407,205.73,100539246.0,0.175936
2022-04-28,META,21413,9.94,785633.0,0.04963
2022-04-29,META,21413,9.6,594323.0,-0.034205
2022-04-29,META,13407,200.47,49060774.0,-0.025568
2022-05-02,META,21413,9.89,458515.0,0.030208
2022-05-02,META,13407,211.13,49758650.0,0.053175
2022-05-03,META,13407,212.03,41422393.0,0.004263
2022-05-03,META,21413,9.87,427558.0,-0.002022
2022-05-04,META,21413,10.19,643393.0,0.032421
2022-05-04,META,13407,223.41,42188429.0,0.053672
2022-05-05,META,21413,9.56,606939.0,-0.061825
2022-05-05,META,13407,208.28,41051821.0,-0.067723
2022-05-06,META,21413,9.25,605920.0,-0.032427
2022-05-06,META,13407,203.77,34663077.0,-0.021654
2022-05-09,META,21413,8.65,1014860.0,-0.064865
2022-05-09,META,13407,196.21001,36166241.0,-0.037101
2022-05-10,META,13407,197.64999,34339915.0,0.007339
2022-05-10,META,21413,8.63,2475298.0,-0.002312
2022-05-11,META,21413,8.24,902802.0,-0.045191
2022-05-11,META,13407,188.74001,31077229.0,-0.04508
2022-05-12,META,13407,191.24001,38205594.0,0.013246
2022-05-12,META,21413,8.42,1408279.0,0.021845
2022-05-13,META,13407,198.62,24509501.0,0.03859
2022-05-13,META,21413,8.99,532062.0,0.067696
2022-05-16,META,13407,200.03999,27466244.0,0.007149
2022-05-16,META,21413,8.81,404983.0,-0.020022
2022-05-17,META,13407,202.62,24770672.0,0.012897
2022-05-17,META,21413,9.11,444752.0,0.034052
2022-05-18,META,21413,8.76,563532.0,-0.038419
2022-05-18,META,13407,192.24001,23854184.0,-0.051229
2022-05-19,META,13407,191.28999,24366340.0,-0.004942
2022-05-19,META,21413,8.88,547759.0,0.013699
2022-05-20,META,13407,193.53999,31534760.0,0.011762
2022-05-20,META,21413,8.81,340517.0,-0.007883
2022-05-23,META,13407,196.23,25033182.0,0.013899
2022-05-23,META,21413,8.83,289295.0,0.00227
2022-05-24,META,13407,181.28,50227416.0,-0.076186
2022-05-24,META,21413,8.32,669460.0,-0.057758
2022-05-25,META,21413,8.52,329843.0,0.024039
2022-05-25,META,13407,183.83,27948427.0,0.014067
2022-05-26,META,13407,191.63,23000543.0,0.042431
2022-05-26,META,21413,8.79,513947.0,0.03169
2022-05-27,META,21413,9.11,323121.0,0.036405
2022-05-27,META,13407,195.13,22523552.0,0.018264
2022-05-31,META,13407,193.64,26083044.0,-0.007636
2022-05-31,META,21413,9.06,530036.0,-0.005488
2022-06-01,META,21413,8.92,312078.0,-0.015453
2022-06-01,META,13407,188.64,36502433.0,-0.025821
2022-06-02,META,13407,198.86,31879773.0,0.054177
2022-06-02,META,21413,9.36,278382.0,0.049327
2022-06-03,META,13407,190.78,19445864.0,-0.040632
2022-06-03,META,21413,9.02,209317.0,-0.036325
2022-06-06,META,21413,9.09,296577.0,0.007761
2022-06-06,META,13407,194.25,30464638.0,0.018189
2022-06-07,META,21413,9.19,662379.0,0.011001
2022-06-07,META,13407,195.64999,18807531.0,0.007207
2022-06-08,META,13407,196.64,22232661.0,0.00506
2022-06-08,META,21413,9.19,193166.0,0.0
2022-06-09,META,21413,8.82,633272.0,-0.040261
2022-06-09,META,13407,184.0,23349996.0,-0.06428
2022-06-10,META,13407,175.57001,27530820.0,-0.045815
2022-06-10,META,21413,8.42,490611.0,-0.045351
2022-06-13,META,13407,164.25999,31697384.0,-0.064419
2022-06-13,META,21413,7.92,682048.0,-0.059382
2022-06-14,META,21413,7.92,453176.0,0.0
2022-06-14,META,13407,163.73,27153686.0,-0.003227
2022-06-15,META,13407,169.35001,29814614.0,0.034325
2022-06-15,META,21413,8.21,397215.0,0.036616
2022-06-16,META,21413,7.75,390872.0,-0.056029
2022-06-16,META,13407,160.87,26865278.0,-0.050074
2022-06-17,META,13407,163.74001,31268327.0,0.017841
2022-06-17,META,21413,7.91,362425.0,0.020645
2022-06-21,META,21413,8.16,426836.0,0.031606
2022-06-21,META,13407,157.05,50627436.0,-0.040858
2022-06-22,META,21413,8.16,356690.0,0.0
2022-06-22,META,13407,155.85001,47495076.0,-0.007641
2022-06-23,META,21413,8.49,274950.0,0.040441
2022-06-23,META,13407,158.75,40616408.0,0.018608
2022-06-24,META,21413,8.86,384278.0,0.043581
2022-06-24,META,13407,170.16,68654625.0,0.071874
2022-06-27,META,21413,8.68,262396.0,-0.020316
2022-06-27,META,13407,169.49001,29143175.0,-0.003937
2022-06-28,META,21413,8.32,326981.0,-0.041475
2022-06-28,META,13407,160.67999,27728930.0,-0.05198
2022-06-29,META,21413,8.27,204227.0,-0.00601
2022-06-29,META,13407,163.94,28551432.0,0.020289
2022-06-30,META,21413,8.03,436219.0,-0.029021
2022-06-30,META,13407,161.25,35174447.0,-0.016409
2022-07-01,META,13407,160.03,31372343.0,-0.007566
2022-07-01,META,21413,8.09,279030.0,0.007472
2022-07-05,META,13407,168.19,28630556.0,0.050991
2022-07-05,META,21413,8.48,332624.0,0.048208
2022-07-06,META,21413,8.41,436969.0,-0.008255
2022-07-06,META,13407,169.77,23038193.0,0.009394
2022-07-07,META,21413,8.74,340134.0,0.039239
2022-07-07,META,13407,172.19,24056846.0,0.014255
2022-07-08,META,13407,170.88,19205832.0,-0.007608
2022-07-08,META,21413,8.81,174198.0,0.008009
2022-07-11,META,13407,162.88,21861148.0,-0.046817
2022-07-11,META,21413,8.44,271979.0,-0.041998
2022-07-12,META,21413,8.34,165216.0,-0.011848
2022-07-12,META,13407,163.27,16617603.0,0.002394
2022-07-13,META,21413,8.2,218170.0,-0.016787
2022-07-13,META,13407,163.49001,16503829.0,0.001347
2022-07-14,META,13407,158.05,23708908.0,-0.033274
2022-07-14,META,21413,8.19,207376.0,-0.00122
2022-07-15,META,21413,8.39,293581.0,0.02442
2022-07-15,META,13407,164.7,23281431.0,0.042075
2022-07-18,META,21413,8.46,255264.0,0.008343
2022-07-18,META,13407,167.23,23526524.0,0.015361
2022-07-19,META,21413,8.77,168691.0,0.036643
2022-07-19,META,13407,175.78,25820455.0,0.051127
2022-07-20,META,21413,9.11,410555.0,0.038768
2022-07-20,META,13407,183.09,24721730.0,0.041586
2022-07-21,META,13407,183.17,27186885.0,0.000437
2022-07-21,META,21413,9.26,416523.0,0.016466
2022-07-22,META,13407,169.27,42520074.0,-0.075886
2022-07-22,META,21413,8.75,436765.0,-0.055076
2022-07-25,META,13407,166.64999,26118921.0,-0.015478
2022-07-25,META,21413,8.67,243366.0,-0.009143
2022-07-26,META,13407,159.14999,28429372.0,-0.045005
2022-07-26,META,21413,8.39,177284.0,-0.032295
2022-07-27,META,13407,169.58,43766149.0,0.065536
2022-07-27,META,21413,8.82,269421.0,0.051251
2022-07-28,META,21413,8.9,253988.0,0.00907
2022-07-28,META,13407,160.72,73052283.0,-0.052247
2022-07-29,META,21413,8.99,679554.0,0.010112
2022-07-29,META,13407,159.10001,42000406.0,-0.01008
2022-08-01,META,21413,9.04,452177.0,0.005562
2022-08-01,META,13407,159.92999,40526095.0,0.005217
2022-08-02,META,13407,160.19,27333570.0,0.001626
2022-08-02,META,21413,9.11,364899.0,0.007743
2022-08-03,META,13407,168.8,31676312.0,0.053749
2022-08-03,META,21413,9.48,405433.0,0.040615
2022-08-04,META,13407,170.57001,23913621.0,0.010486
2022-08-04,META,21413,9.63,278422.0,0.015823
2022-08-05,META,13407,167.11,25763789.0,-0.020285
2022-08-05,META,21413,9.7,464816.0,0.007269
2022-08-08,META,21413,9.67,558996.0,-0.003093
2022-08-08,META,13407,170.25,27270158.0,0.01879
2022-08-09,META,21413,9.46,258170.0,-0.021717
2022-08-09,META,13407,168.53,18625885.0,-0.010103
2022-08-10,META,13407,178.34,30179889.0,0.058209
2022-08-10,META,21413,9.85,635626.0,0.041226
2022-08-11,META,13407,177.49001,23998838.0,-0.004766
2022-08-11,META,21413,9.85,585875.0,0.0
2022-08-12,META,13407,180.5,21241950.0,0.016959
2022-08-12,META,21413,10.13,408777.0,0.028426
2022-08-15,META,21413,10.08,352654.0,-0.004936
2022-08-15,META,13407,180.89,15853255.0,0.002161
2022-08-16,META,13407,179.47,21123559.0,-0.00785
2022-08-16,META,21413,9.98,314884.0,-0.009921
2022-08-17,META,13407,174.85001,20081330.0,-0.025742
2022-08-17,META,21413,9.75,371606.0,-0.023046
2022-08-18,META,21413,9.72,269842.0,-0.003077
2022-08-18,META,13407,174.66,18794189.0,-0.001087
2022-08-19,META,13407,167.96001,26213702.0,-0.03836
2022-08-19,META,21413,9.35,359069.0,-0.038066
2022-08-22,META,13407,163.05,19479510.0,-0.029233
2022-08-22,META,21413,9.03,374959.0,-0.034225
2022-08-23,META,13407,161.11,18075982.0,-0.011898
2022-08-23,META,21413,8.99,238661.0,-0.00443
2022-08-24,META,21413,9.04,280259.0,0.005562
2022-08-24,META,13407,163.25999,21154385.0,0.013345
2022-08-25,META,21413,9.28,241189.0,0.026549
2022-08-25,META,13407,168.78,15532573.0,0.033811
2022-08-26,META,21413,8.83,329603.0,-0.048491
2022-08-26,META,13407,161.78,23992799.0,-0.041474
2022-08-29,META,21413,8.7,267791.0,-0.014723
2022-08-29,META,13407,159.17,20434480.0,-0.016133
2022-08-30,META,21413,8.6,284469.0,-0.011494
2022-08-30,META,13407,157.16,19552830.0,-0.012628
2022-08-31,META,21413,8.62,233293.0,0.002326
2022-08-31,META,13407,162.92999,40837166.0,0.036714
2022-09-01,META,21413,8.5,242965.0,-0.013921
2022-09-01,META,13407,165.36,30081791.0,0.014914
2022-09-02,META,21413,8.37,186167.0,-0.015294
2022-09-02,META,13407,160.32001,22597443.0,-0.030479
2022-09-06,META,21413,8.23,223242.0,-0.016726
2022-09-06,META,13407,158.53999,19320795.0,-0.011103
2022-09-07,META,21413,8.44,188569.0,0.025516
2022-09-07,META,13407,160.39,16807311.0,0.011669
2022-09-08,META,21413,8.57,245944.0,0.015403
2022-09-08,META,13407,162.06,22503505.0,0.010412
2022-09-09,META,13407,169.14999,22080312.0,0.043749
2022-09-09,META,21413,8.9,577522.0,0.038506
2022-09-12,META,21413,9.04,232554.0,0.01573
2022-09-12,META,13407,168.96001,23186257.0,-0.001123
2022-09-13,META,21413,8.46,411873.0,-0.064159
2022-09-13,META,13407,153.13,44368681.0,-0.093691
2022-09-14,META,21413,8.52,306690.0,0.007092
2022-09-14,META,13407,151.47,43010214.0,-0.010841
2022-09-15,META,21413,8.38,347143.0,-0.016432
2022-09-15,META,13407,149.55,34538228.0,-0.012676
2022-09-16,META,13407,146.28999,40087283.0,-0.021799
2022-09-16,META,21413,8.14,286468.0,-0.02864
2022-09-19,META,21413,8.15,192032.0,0.001228
2022-09-19,META,13407,148.02,22152499.0,0.011826
2022-09-20,META,21413,8.04,194147.0,-0.013497
2022-09-20,META,13407,146.09,23188752.0,-0.013039
2022-09-21,META,21413,7.91,227217.0,-0.016169
2022-09-21,META,13407,142.12,38254050.0,-0.027175
2022-09-22,META,21413,7.75,297195.0,-0.020228
2022-09-22,META,13407,142.82001,34381196.0,0.004926
2022-09-23,META,21413,7.61,422809.0,-0.018065
2022-09-23,META,13407,140.41,31660179.0,-0.016874
2022-09-26,META,13407,136.37,30466063.0,-0.028773
2022-09-26,META,21413,7.56,396591.0,-0.00657
2022-09-27,META,13407,134.39999,30797167.0,-0.014446
2022-09-27,META,21413,7.6,483421.0,0.005291
2022-09-28,META,21413,7.76,251439.0,0.021053
2022-09-28,META,13407,141.61,32621713.0,0.053646
2022-09-29,META,21413,7.46,314076.0,-0.03866
2022-09-29,META,13407,136.41,38943045.0,-0.036721
2022-09-30,META,13407,135.67999,33115016.0,-0.005352
2022-09-30,META,21413,7.39,326820.0,-0.009383
2022-10-03,META,21413,7.59,350093.0,0.027064
2022-10-03,META,13407,138.61,27690038.0,0.021595
2022-10-04,META,13407,140.28,34625047.0,0.012048
2022-10-04,META,21413,7.95,338078.0,0.047431
2022-10-05,META,13407,138.98,27916815.0,-0.009267
2022-10-05,META,21413,7.9,277236.0,-0.006289
2022-10-06,META,13407,139.07001,36205228.0,0.000648
2022-10-06,META,21413,7.93,248736.0,0.003797
2022-10-07,META,13407,133.45,33184043.0,-0.040411
2022-10-07,META,21413,7.52,209677.0,-0.051702
2022-10-10,META,13407,133.78999,24002983.0,0.002548
2022-10-10,META,21413,7.38,227441.0,-0.018617
2022-10-11,META,21413,7.24,347789.0,-0.01897
2022-10-11,META,13407,128.53999,38446497.0,-0.039241
2022-10-12,META,13407,127.5,34570810.0,-0.008091
2022-10-12,META,21413,7.27,257060.0,0.004144
2022-10-13,META,13407,130.28999,34283534.0,0.021882
2022-10-13,META,21413,7.38,466820.0,0.015131
2022-10-14,META,21413,7.1,316783.0,-0.03794
2022-10-14,META,13407,126.76,23528857.0,-0.027093
2022-10-17,META,21413,7.47,295119.0,0.052113
2022-10-17,META,13407,134.03999,29558401.0,0.057431
2022-10-18,META,21413,7.5,307911.0,0.004016
2022-10-18,META,13407,132.8,25427335.0,-0.009251
2022-10-19,META,21413,7.37,166417.0,-0.017333
2022-10-19,META,13407,133.23,30658205.0,0.003238
2022-10-20,META,21413,7.38,179439.0,0.001357
2022-10-20,META,13407,131.53,26337298.0,-0.01276
2022-10-21,META,13407,130.00999,46294488.0,-0.011556
2022-10-21,META,21413,7.41,466362.0,0.004065
2022-10-24,META,21413,7.37,409403.0,-0.005398
2022-10-24,META,13407,129.72,63453306.0,-0.002231
2022-10-25,META,13407,137.50999,38356193.0,0.060052
2022-10-25,META,21413,7.67,227009.0,0.040706
2022-10-26,META,21413,7.56,209501.0,-0.014342
2022-10-26,META,13407,129.82001,89229498.0,-0.055923
2022-10-27,META,21413,7.35,403843.0,-0.027778
2022-10-27,META,13407,97.94,231830168.0,-0.245571
2022-10-28,META,21413,7.5,256541.0,0.020408
2022-10-28,META,13407,99.2,96445280.0,0.012865
2022-10-31,META,21413,7.36,158741.0,-0.018667
2022-10-31,META,13407,93.16,121216969.0,-0.060887
2022-11-01,META,21413,7.35,373931.0,-0.001359
2022-11-01,META,13407,95.2,110085902.0,0.021898
2022-11-02,META,21413,7.1,339304.0,-0.034014
2022-11-02,META,13407,90.54,71716038.0,-0.04895
2022-11-03,META,21413,6.99,343072.0,-0.015493
2022-11-03,META,13407,88.91,60535136.0,-0.018003
2022-11-04,META,13407,90.79,55544214.0,0.021145
2022-11-04,META,21413,7.08,331168.0,0.012876
2022-11-07,META,21413,7.17,252756.0,0.012712
2022-11-07,META,13407,96.72,81893008.0,0.065316
2022-11-08,META,21413,7.17,308272.0,0.0
2022-11-08,META,13407,96.47,52013225.0,-0.002585
2022-11-09,META,21413,6.82,354965.0,-0.048815
2022-11-09,META,13407,101.47,107481733.0,0.05183
2022-11-10,META,13407,111.87,80524602.0,0.102493
2022-11-10,META,21413,7.46,570581.0,0.093842
2022-11-11,META,13407,113.02,59950758.0,0.01028
2022-11-11,META,21413,7.8,419220.0,0.045576
2022-11-14,META,13407,114.22,53323000.0,0.010618
2022-11-14,META,21413,7.68,277181.0,-0.015385
2022-11-15,META,21413,8.01,340934.0,0.042969
2022-11-15,META,13407,117.08,50633460.0,0.025039
2022-11-16,META,21413,7.77,170890.0,-0.029963
2022-11-16,META,13407,113.23,33257152.0,-0.032884
2022-11-17,META,21413,7.73,117130.0,-0.005148
2022-11-17,META,13407,111.45,36128896.0,-0.01572
2022-11-18,META,21413,7.62,199984.0,-0.01423
2022-11-18,META,13407,112.05,33328966.0,0.005384
2022-11-21,META,13407,109.86,24324232.0,-0.019545
2022-11-21,META,21413,7.46,381101.0,-0.020997
2022-11-22,META,13407,111.44,29013610.0,0.014382
2022-11-22,META,21413,7.58,211755.0,0.016086
2022-11-23,META,21413,7.73,245567.0,0.019789
2022-11-23,META,13407,112.24,21328491.0,0.007179
2022-11-25,META,21413,7.64,93402.0,-0.011643
2022-11-25,META,13407,111.41,11989039.0,-0.007395
2022-11-28,META,13407,108.78,23301110.0,-0.023607
2022-11-28,META,21413,7.48,195356.0,-0.020942
2022-11-29,META,21413,7.48,128603.0,0.0
2022-11-29,META,13407,109.46,23874674.0,0.006251
2022-11-30,META,21413,7.88,278540.0,0.053476
2022-11-30,META,13407,118.1,43283143.0,0.078933
2022-12-01,META,21413,7.97,178884.0,0.011421
2022-12-01,META,13407,120.44,36492273.0,0.019814
2022-12-02,META,21413,7.95,225417.0,-0.002509
2022-12-02,META,13407,123.49,39884522.0,0.025324
2022-12-05,META,21413,7.77,683305.0,-0.022642
2022-12-05,META,13407,122.43,35447227.0,-0.008584
2022-12-06,META,21413,7.55,167315.0,-0.028314
2022-12-06,META,13407,114.12,43601935.0,-0.067876
2022-12-07,META,13407,113.93,29416224.0,-0.001665
2022-12-07,META,21413,7.51,277766.0,-0.005298
2022-12-08,META,13407,115.33,30972213.0,0.012288
2022-12-08,META,21413,7.69,225422.0,0.023968
2022-12-09,META,13407,115.9,26002833.0,0.004942
2022-12-09,META,21413,7.64,164953.0,-0.006502
2022-12-12,META,13407,114.71,24737947.0,-0.010268
2022-12-12,META,21413,7.75,253438.0,0.014398
2022-12-13,META,21413,7.84,505525.0,0.012431
2022-12-13,META,13407,120.15,44652928.0,0.047424
2022-12-14,META,21413,7.82,249627.0,-0.002551
2022-12-14,META,13407,121.59,36877548.0,0.011985
2022-12-15,META,21413,7.43,345290.0,-0.049872
2022-12-15,META,13407,116.15,34485787.0,-0.044741
2022-12-16,META,21413,7.33,190455.0,-0.013459
2022-12-16,META,13407,119.43,66969396.0,0.028239
2022-12-19,META,13407,114.48,29740882.0,-0.041447
2022-12-19,META,21413,7.21,353734.0,-0.016371
2022-12-20,META,13407,117.09,28713643.0,0.022799
2022-12-20,META,21413,7.19,243453.0,-0.002774
2022-12-21,META,21413,7.33,279270.0,0.019472
2022-12-21,META,13407,119.76,20355745.0,0.022803
2022-12-22,META,21413,7.12,263613.0,-0.028649
2022-12-22,META,13407,117.12,23582728.0,-0.022044
2022-12-23,META,13407,118.04,17776174.0,0.007855
2022-12-23,META,21413,7.12,233081.0,0.0
2022-12-27,META,13407,116.88,21365885.0,-0.009827
2022-12-27,META,21413,7.03,498603.0,-0.01264
2022-12-28,META,13407,115.62,19568862.0,-0.01078
2022-12-28,META,21413,6.92,391207.0,-0.015647
2022-12-29,META,21413,7.19,450395.0,0.039017
2022-12-29,META,13407,120.26,22326177.0,0.040132
2022-12-30,META,21413,7.18,456238.0,-0.001391
2022-12-30,META,13407,120.34,19558370.0,0.000665
2023-01-03,META,13407,124.74,35491028.0,0.036563
2023-01-03,META,21413,7.16,1761763.0,-0.002786
2023-01-04,META,13407,127.37,32517589.0,0.021084
2023-01-04,META,21413,7.39,193715.0,0.032123
2023-01-05,META,21413,7.26,97358.0,-0.017591
2023-01-05,META,13407,126.94,25412071.0,-0.003376
2023-01-06,META,13407,130.02,27540235.0,0.024263
2023-01-06,META,21413,7.43,191611.0,0.023416
2023-01-09,META,13407,129.47,26619984.0,-0.00423
2023-01-09,META,21413,7.59,255396.0,0.021534
2023-01-10,META,21413,7.71,2794341.0,0.01581
2023-01-10,META,13407,132.99001,28656972.0,0.027188
2023-01-11,META,21413,7.87,1810230.0,0.020752
2023-01-11,META,13407,132.89,25385662.0,-0.000752
2023-01-12,META,21413,7.98,273244.0,0.013977
2023-01-12,META,13407,136.71001,30766185.0,0.028746
2023-01-13,META,21413,8.04,649664.0,0.007519
2023-01-13,META,13407,136.98,22407892.0,0.001975
2023-01-17,META,13407,135.36,21098970.0,-0.011827
2023-01-17,META,21413,8.15,272078.0,0.013682
2023-01-18,META,21413,8.02,290293.0,-0.015951
2023-01-18,META,13407,133.02,20645091.0,-0.017287
2023-01-19,META,21413,7.89,211978.0,-0.01621
2023-01-19,META,13407,136.14999,28921361.0,0.02353
2023-01-20,META,13407,139.37,28636716.0,0.02365
2023-01-20,META,21413,8.21,198177.0,0.040558
2023-01-23,META,21413,8.45,340384.0,0.029233
2023-01-23,META,13407,143.27,27396735.0,0.027983
2023-01-24,META,13407,143.14,21934442.0,-0.000907
2023-01-24,META,21413,8.41,1178262.0,-0.004734
2023-01-25,META,21413,8.39,2396976.0,-0.002378
2023-01-25,META,13407,141.5,26539350.0,-0.011457
2023-01-26,META,13407,147.3,25426338.0,0.040989
2023-01-26,META,21413,8.53,256076.0,0.016687
2023-01-27,META,21413,8.71,203395.0,0.021102
2023-01-27,META,13407,151.74001,35689785.0,0.030143
2023-01-30,META,21413,8.44,344805.0,-0.030999
2023-01-30,META,13407,147.06,27998333.0,-0.030842
2023-01-31,META,13407,148.97,29790475.0,0.012988
2023-01-31,META,21413,8.57,279183.0,0.015403
2023-02-01,META,13407,153.12,55583974.0,0.027858
2023-02-01,META,21413,8.81,409086.0,0.028005
2023-02-02,META,13407,188.77,149972124.0,0.232824
2023-02-02,META,21413,9.24,659978.0,0.048808
2023-02-03,META,13407,186.53,76652574.0,-0.011866
2023-02-03,META,21413,9.0,390168.0,-0.025974
2023-02-06,META,13407,186.06,42418222.0,-0.00252
2023-02-06,META,21413,8.9,285048.0,-0.011111
2023-02-07,META,21413,9.12,459908.0,0.024719
2023-02-07,META,13407,191.62,46979881.0,0.029883
2023-02-08,META,13407,183.42999,36104695.0,-0.042741
2023-02-08,META,21413,8.92,254031.0,-0.02193
2023-02-09,META,21413,8.86,203239.0,-0.006727
2023-02-09,META,13407,177.92,37053097.0,-0.030039
2023-02-10,META,13407,174.14999,33401855.0,-0.021189
2023-02-10,META,21413,8.66,208720.0,-0.022573
2023-02-13,META,13407,179.42999,31418557.0,0.030319
2023-02-13,META,21413,8.78,224128.0,0.013857
2023-02-14,META,13407,179.48,24013092.0,0.000279
2023-02-14,META,21413,8.91,298637.0,0.014806
2023-02-15,META,13407,177.16,25303766.0,-0.012926
2023-02-15,META,21413,9.11,196779.0,0.022447
2023-02-16,META,13407,172.44,25783864.0,-0.026643
2023-02-16,META,21413,8.9,317564.0,-0.023052
2023-02-17,META,13407,172.88,24119044.0,0.002552
2023-02-17,META,21413,8.74,178237.0,-0.017978
2023-02-21,META,13407,172.08,34906349.0,-0.004628
2023-02-21,META,21413,8.46,237368.0,-0.032037
2023-02-22,META,21413,8.46,154682.0,0.0
2023-02-22,META,13407,171.12,22395523.0,-0.005579
2023-02-23,META,21413,8.54,191433.0,0.009456
2023-02-23,META,13407,172.03999,19998848.0,0.005376
2023-02-24,META,21413,8.32,254066.0,-0.025761
2023-02-24,META,13407,170.39,19764096.0,-0.009591
2023-02-27,META,21413,8.35,346197.0,0.003606
2023-02-27,META,13407,169.53999,19235366.0,-0.004989
2023-02-28,META,21413,8.39,209976.0,0.00479
2023-02-28,META,13407,174.94,45945169.0,0.031851
2023-03-01,META,13407,173.42,30952319.0,-0.008689
2023-03-01,META,21413,8.37,122714.0,-0.002384
2023-03-02,META,21413,8.49,147750.0,0.014337
2023-03-02,META,13407,174.53,17323602.0,0.006401
2023-03-03,META,13407,185.25,45858427.0,0.061422
2023-03-03,META,21413,8.71,114675.0,0.025913
2023-03-06,META,21413,8.69,198668.0,-0.002296
2023-03-06,META,13407,184.89999,33136293.0,-0.001889
2023-03-07,META,13407,184.50999,36642250.0,-0.002109
2023-03-07,META,21413,8.62,211283.0,-0.008055
2023-03-08,META,13407,184.97,19400473.0,0.002493
2023-03-08,META,21413,8.67,179797.0,0.0058
2023-03-09,META,21413,8.44,279103.0,-0.026528
2023-03-09,META,13407,181.69,26535976.0,-0.017733
2023-03-10,META,21413,8.3,139376.0,-0.016588
2023-03-10,META,13407,179.50999,25622165.0,-0.011999
2023-03-13,META,21413,8.4,502884.0,0.012048
2023-03-13,META,13407,180.89999,24667036.0,0.007743
2023-03-14,META,21413,8.63,287172.0,0.027381
2023-03-14,META,13407,194.02,41534786.0,0.072526
2023-03-15,META,13407,197.75,41979612.0,0.019225
2023-03-15,META,21413,8.59,420569.0,-0.004635
2023-03-16,META,21413,8.92,372711.0,0.038417
2023-03-16,META,13407,204.92999,50674056.0,0.036308
2023-03-17,META,13407,195.61,49988975.0,-0.045479
2023-03-17,META,21413,8.86,210452.0,-0.006727
2023-03-20,META,13407,197.81,25112977.0,0.011247
2023-03-20,META,21413,8.9,242321.0,0.004515
2023-03-21,META,21413,9.08,201633.0,0.020225
2023-03-21,META,13407,202.16,31719223.0,0.021991
2023-03-22,META,13407,199.81,28365964.0,-0.011625
2023-03-22,META,21413,8.92,392314.0,-0.017621
2023-03-23,META,13407,204.28,27325103.0,0.022371
2023-03-23,META,21413,9.08,257490.0,0.017937
2023-03-24,META,21413,9.08,377199.0,0.0
2023-03-24,META,13407,206.00999,27628385.0,0.008469
2023-03-27,META,13407,202.84,18469949.0,-0.015388
2023-03-27,META,21413,8.98,219343.0,-0.011013
2023-03-28,META,13407,200.67999,19047233.0,-0.010649
2023-03-28,META,21413,8.96,270868.0,-0.002227
2023-03-29,META,13407,205.35001,18802052.0,0.023271
2023-03-29,META,21413,9.15,211840.0,0.021205
2023-03-30,META,13407,207.84,22570968.0,0.012126
2023-03-30,META,21413,9.23,290773.0,0.008743
2023-03-31,META,13407,211.94,25149499.0,0.019727
2023-03-31,META,21413,9.38,264850.0,0.016251
2023-04-03,META,21413,9.4,294840.0,0.002132
2023-04-03,META,13407,213.07001,17886901.0,0.005332
2023-04-04,META,21413,9.37,282269.0,-0.003191
2023-04-04,META,13407,214.72,20969657.0,0.007744
2023-04-05,META,21413,9.17,265526.0,-0.021345
2023-04-05,META,13407,211.48,19316338.0,-0.015089
2023-04-06,META,21413,9.25,145367.0,0.008724
2023-04-06,META,13407,216.10001,25985223.0,0.021846
2023-04-10,META,21413,9.28,211673.0,0.003243
2023-04-10,META,13407,214.75,16023024.0,-0.006247
2023-04-11,META,13407,213.85001,16654895.0,-0.004191
2023-04-11,META,21413,9.23,112760.0,-0.005388
2023-04-12,META,21413,9.1,216102.0,-0.014084
2023-04-12,META,13407,214.0,18921280.0,0.000701
2023-04-13,META,21413,9.26,197187.0,0.017582
2023-04-13,META,13407,220.35001,23256058.0,0.029673
2023-04-14,META,21413,9.23,175922.0,-0.00324
2023-04-14,META,13407,221.49001,21529776.0,0.005174
2023-04-17,META,21413,9.16,759946.0,-0.007584
2023-04-17,META,13407,218.86,15431915.0,-0.011874
2023-04-18,META,21413,9.16,162975.0,0.0
2023-04-18,META,13407,217.89,12233295.0,-0.004432
2023-04-19,META,21413,9.11,138277.0,-0.005459
2023-04-19,META,13407,215.7,15833387.0,-0.010051
2023-04-20,META,21413,9.035,160202.0,-0.008233
2023-04-20,META,13407,213.07001,16415038.0,-0.012193
2023-04-21,META,13407,212.89,17718715.0,-0.000845
2023-04-21,META,21413,8.99,270360.0,-0.004981
2023-04-24,META,13407,212.78999,15699380.0,-0.00047
2023-04-24,META,21413,8.93,362776.0,-0.006674
2023-04-25,META,13407,207.55,19122107.0,-0.024625
2023-04-25,META,21413,8.7,301204.0,-0.025756
2023-04-26,META,13407,209.39999,41869086.0,0.008913
2023-04-26,META,21413,8.705,401243.0,0.000575
2023-04-27,META,13407,238.56,71055910.0,0.139255
2023-04-27,META,21413,8.94,223819.0,0.026996
2023-04-28,META,21413,8.92,460317.0,-0.002237
2023-04-28,META,13407,240.32001,39501684.0,0.007378
2023-05-01,META,13407,243.17999,29066316.0,0.011901
2023-05-01,META,21413,8.95,180224.0,0.003363
2023-05-02,META,13407,239.24001,24292924.0,-0.016202
2023-05-02,META,21413,8.79,207308.0,-0.017877
2023-05-03,META,13407,237.03,34489452.0,-0.009238
2023-05-03,META,21413,8.73,150585.0,-0.006826
2023-05-04,META,21413,8.71,132002.0,-0.002291
2023-05-04,META,13407,233.52,17839856.0,-0.014808
2023-05-05,META,21413,8.95,173403.0,0.027555
2023-05-05,META,13407,232.78,26949539.0,-0.003169
2023-05-08,META,13407,233.27,16375575.0,0.002105
2023-05-08,META,21413,9.03,324846.0,0.008939
2023-05-09,META,13407,233.37,16835810.0,0.000429
2023-05-09,META,21413,8.96,155562.0,-0.007752
2023-05-10,META,21413,9.11,195181.0,0.016741
2023-05-10,META,13407,233.08,19087349.0,-0.001243
2023-05-11,META,13407,235.78999,20389937.0,0.011627
2023-05-11,META,21413,9.15,293927.0,0.004391
2023-05-12,META,21413,9.06,322178.0,-0.009836
2023-05-12,META,13407,233.81,16129126.0,-0.008397
2023-05-15,META,21413,9.22,460388.0,0.01766
2023-05-15,META,13407,238.86,20606269.0,0.021599
2023-05-16,META,13407,238.82001,18083252.0,-0.000167
2023-05-16,META,21413,9.15,169100.0,-0.007592
2023-05-17,META,13407,242.485,21147177.0,0.015346
2023-05-17,META,21413,9.36,267771.0,0.022951
2023-05-18,META,21413,9.53,290767.0,0.018162
2023-05-18,META,13407,246.85001,22914710.0,0.018001
2023-05-19,META,21413,9.41,582511.0,-0.012592
2023-05-19,META,13407,245.64,21677047.0,-0.004902
2023-05-22,META,21413,9.45,250789.0,0.004251
2023-05-22,META,13407,248.32001,27690371.0,0.01091
2023-05-23,META,13407,246.74001,17696349.0,-0.006363
2023-05-23,META,21413,9.29,241350.0,-0.016931
2023-05-24,META,13407,249.21001,17686876.0,0.010011
2023-05-24,META,21413,9.27,208705.0,-0.002153
2023-05-25,META,21413,9.55,439456.0,0.030205
2023-05-25,META,13407,252.69,22303593.0,0.013964
2023-05-26,META,21413,9.82,376307.0,0.028272
2023-05-26,META,13407,262.04001,25701175.0,0.037002
2023-05-30,META,21413,9.89,777944.0,0.007128
2023-05-30,META,13407,262.51999,23746165.0,0.001832
2023-05-31,META,21413,9.82,266168.0,-0.007078
2023-05-31,META,13407,264.72,25367587.0,0.00838
2023-06-01,META,13407,272.60999,25563828.0,0.029805
2023-06-01,META,21413,10.03,272321.0,0.021385
2023-06-02,META,13407,272.60999,19369840.0,0.0
2023-06-02,META,21413,10.05,550699.0,0.001994
2023-06-05,META,13407,271.39001,20677893.0,-0.004475
2023-06-05,META,21413,10.07,394037.0,0.00199
2023-06-06,META,13407,271.12,19371342.0,-0.000995
2023-06-06,META,21413,10.1,301290.0,0.002979
2023-06-07,META,21413,9.85,400617.0,-0.024753
2023-06-07,META,13407,263.60001,26077066.0,-0.027737
2023-06-08,META,13407,264.57999,20832060.0,0.003718
2023-06-08,META,21413,9.96,165883.0,0.011168
2023-06-09,META,13407,264.95001,16892788.0,0.001399
2023-06-09,META,21413,10.0,240233.0,0.004016
2023-06-12,META,13407,271.04999,15434181.0,0.023023
2023-06-12,META,21413,10.16,259388.0,0.016
2023-06-13,META,13407,271.32001,16117231.0,0.000996
2023-06-13,META,21413,10.33,290086.0,0.016732
2023-06-14,META,21413,10.45,339760.0,0.011617
2023-06-14,META,13407,273.35001,19118960.0,0.007482
2023-06-15,META,21413,10.54,262517.0,0.008612
2023-06-15,META,13407,281.82999,25902347.0,0.031022
2023-06-16,META,13407,281.0,43031964.0,-0.002945
2023-06-16,META,21413,10.51,274543.0,-0.002846
2023-06-20,META,21413,10.36,435500.0,-0.014272
2023-06-20,META,13407,284.32999,20627148.0,0.011851
2023-06-21,META,21413,10.12,291865.0,-0.023166
2023-06-21,META,13407,281.64001,20502108.0,-0.009461
2023-06-22,META,21413,10.2,210300.0,0.007905
2023-06-22,META,13407,284.88,17485479.0,0.011504
2023-06-23,META,21413,10.09,292822.0,-0.010784
2023-06-23,META,13407,288.73001,51026535.0,0.013515
2023-06-26,META,21413,10.05,230933.0,-0.003964
2023-06-26,META,13407,278.47,24131719.0,-0.035535
2023-06-27,META,21413,10.35,207041.0,0.029851
2023-06-27,META,13407,287.04999,26050875.0,0.030811
2023-06-28,META,21413,10.32,164529.0,-0.002899
2023-06-28,META,13407,285.29001,16674653.0,-0.006131
2023-06-29,META,13407,281.53,15323813.0,-0.01318
2023-06-29,META,21413,10.27,112531.0,-0.004845
2023-06-30,META,21413,10.38,561804.0,0.010711
2023-06-30,META,13407,286.98001,19621785.0,0.019359
2023-07-03,META,21413,10.485,119324.0,0.010116
2023-07-03,META,13407,286.01999,8600975.0,-0.003345
2023-07-05,META,13407,294.37,33746508.0,0.029194
2023-07-05,META,21413,10.4,187571.0,-0.008107
2023-07-06,META,13407,291.98999,47613721.0,-0.008085
2023-07-06,META,21413,10.24,167950.0,-0.015385
2023-07-07,META,21413,10.32,1246939.0,0.007812
2023-07-07,META,13407,290.53,25538078.0,-0.005
2023-07-10,META,13407,294.10001,36981953.0,0.012288
2023-07-10,META,21413,10.35,241576.0,0.002907
2023-07-11,META,21413,10.55,229757.0,0.019324
2023-07-11,META,13407,298.29001,27523912.0,0.014247
2023-07-12,META,13407,309.34,36577741.0,0.037044
2023-07-12,META,21413,10.73,693810.0,0.017062
2023-07-13,META,21413,10.98,415770.0,0.023299
2023-07-13,META,13407,313.41,30208075.0,0.013157
2023-07-14,META,21413,10.84,270934.0,-0.01275
2023-07-14,META,13407,308.87,23196727.0,-0.014486
2023-07-17,META,13407,310.62,25225144.0,0.005666
2023-07-17,META,21413,10.96,311442.0,0.01107
2023-07-18,META,21413,10.98,244260.0,0.001825
2023-07-18,META,13407,312.04999,20681586.0,0.004604
2023-07-19,META,21413,10.98,230784.0,0.0
2023-07-19,META,13407,316.01001,21668618.0,0.01269
2023-07-20,META,21413,10.63,249330.0,-0.031876
2023-07-20,META,13407,302.51999,23777159.0,-0.042689
2023-07-21,META,21413,10.58,266633.0,-0.004704
2023-07-21,META,13407,294.26001,41997307.0,-0.027304
2023-07-24,META,21413,10.58,228231.0,0.0
2023-07-24,META,13407,291.60999,24833839.0,-0.009006
2023-07-25,META,21413,10.65,176643.0,0.006616
2023-07-25,META,13407,294.47,19533281.0,0.009808
2023-07-26,META,21413,10.6,237690.0,-0.004695
2023-07-26,META,13407,298.57001,47096882.0,0.013923
2023-07-27,META,13407,311.70999,63982847.0,0.04401
2023-07-27,META,21413,10.53,306181.0,-0.006604
2023-07-28,META,21413,10.78,248216.0,0.023742
2023-07-28,META,13407,325.48001,39059490.0,0.044176
2023-07-31,META,21413,10.86,174990.0,0.007421
2023-07-31,META,13407,318.60001,25710650.0,-0.021138
2023-08-01,META,13407,322.70999,22798597.0,0.0129
2023-08-01,META,21413,10.85,271957.0,-0.000921
2023-08-02,META,13407,314.31,20391510.0,-0.02603
2023-08-02,META,21413,10.46,309617.0,-0.035945
2023-08-03,META,13407,313.19,15164951.0,-0.003563
2023-08-03,META,21413,10.4,309953.0,-0.005736
2023-08-04,META,13407,310.73001,17545971.0,-0.007855
2023-08-04,META,21413,10.36,222743.0,-0.003846
2023-08-07,META,13407,316.56,16195738.0,0.018762
2023-08-07,META,21413,10.4,181516.0,0.003861
2023-08-08,META,21413,10.29,168960.0,-0.010577
2023-08-08,META,13407,312.64001,15116378.0,-0.012383
2023-08-09,META,21413,9.96,669231.0,-0.03207
2023-08-09,META,13407,305.20999,19888081.0,-0.023765
2023-08-10,META,21413,10.03,306444.0,0.007028
2023-08-10,META,13407,305.73999,14302630.0,0.001737
2023-08-11,META,13407,301.64001,13987474.0,-0.01341
2023-08-11,META,21413,9.88,207060.0,-0.014955
2023-08-14,META,21413,9.99,242946.0,0.011134
2023-08-14,META,13407,306.19,15606956.0,0.015084
2023-08-15,META,21413,9.8,226015.0,-0.019019
2023-08-15,META,13407,301.95001,11595940.0,-0.013848
2023-08-16,META,13407,294.29001,18459707.0,-0.025369
2023-08-16,META,21413,9.64,477978.0,-0.016327
2023-08-17,META,13407,285.09,23890147.0,-0.031262
2023-08-17,META,21413,9.54,277295.0,-0.010374
2023-08-18,META,21413,9.5,208780.0,-0.004193
2023-08-18,META,13407,283.25,35111939.0,-0.006454
2023-08-21,META,21413,9.61,495133.0,0.011579
2023-08-21,META,13407,289.89999,20111290.0,0.023478
2023-08-22,META,21413,9.57,691222.0,-0.004162
2023-08-22,META,13407,287.60001,12941292.0,-0.007934
2023-08-23,META,13407,294.23999,18209750.0,0.023088
2023-08-23,META,21413,9.73,671444.0,0.016719
2023-08-24,META,13407,286.75,18291897.0,-0.025455
2023-08-24,META,21413,9.58,392192.0,-0.015416
2023-08-25,META,21413,9.62,471880.0,0.004175
2023-08-25,META,13407,285.5,23588218.0,-0.004359
2023-08-28,META,13407,290.26001,14182405.0,0.016673
2023-08-28,META,21413,9.72,489694.0,0.010395
2023-08-29,META,13407,297.98999,20763495.0,0.026631
2023-08-29,META,21413,9.95,231188.0,0.023663
2023-08-30,META,13407,295.10001,17521684.0,-0.009698
2023-08-30,META,21413,10.01,377107.0,0.00603
2023-08-31,META,13407,295.89001,17175254.0,0.002677
2023-08-31,META,21413,10.0,170792.0,-0.000999
2023-09-01,META,13407,296.38,12780643.0,0.001656
2023-09-01,META,21413,10.05,140027.0,0.005
2023-09-05,META,21413,10.06,284397.0,0.000995
2023-09-05,META,13407,300.14999,14914726.0,0.01272
2023-09-06,META,13407,299.17001,15352268.0,-0.003265
2023-09-06,META,21413,9.96,160629.0,-0.00994
2023-09-07,META,21413,9.82,168202.0,-0.014056
2023-09-07,META,13407,298.67001,33545806.0,-0.001671
2023-09-08,META,13407,297.89001,17495847.0,-0.002612
2023-09-08,META,21413,9.8,216681.0,-0.002037
2023-09-11,META,13407,307.56,19403440.0,0.032462
2023-09-11,META,21413,9.86,181120.0,0.006122
2023-09-12,META,21413,9.82,146044.0,-0.004057
2023-09-12,META,13407,301.66,13422685.0,-0.019183
2023-09-13,META,13407,305.06,13141227.0,0.011271
2023-09-13,META,21413,9.79,106359.0,-0.003055
2023-09-14,META,21413,9.86,306598.0,0.00715
2023-09-14,META,13407,311.72,19577587.0,0.021832
2023-09-15,META,13407,300.31,28035569.0,-0.036603
2023-09-15,META,21413,9.71,191610.0,-0.015213
2023-09-18,META,13407,302.54999,14179389.0,0.007459
2023-09-18,META,21413,9.67,212524.0,-0.004119
2023-09-19,META,21413,9.62,195246.0,-0.005171
2023-09-19,META,13407,305.07001,15876568.0,0.008329
2023-09-20,META,21413,9.46,231060.0,-0.016632
2023-09-20,META,13407,299.67001,19300072.0,-0.017701
2023-09-21,META,21413,9.25,479774.0,-0.022199
2023-09-21,META,13407,295.73001,21235189.0,-0.013148
2023-09-22,META,21413,9.3,111278.0,0.005405
2023-09-22,META,13407,299.07999,25278765.0,0.011328
2023-09-25,META,21413,9.35,129287.0,0.005376
2023-09-25,META,13407,300.82999,18923292.0,0.005851
2023-09-26,META,21413,9.23,232687.0,-0.012834
2023-09-26,META,13407,298.95999,19316545.0,-0.006216
2023-09-27,META,21413,9.29,305308.0,0.006501
2023-09-27,META,13407,297.73999,36224862.0,-0.004081
2023-09-28,META,21413,9.41,125041.0,0.012917
2023-09-28,META,13407,303.95999,22113671.0,0.020891
2023-09-29,META,21413,9.48,279014.0,0.007439
2023-09-29,META,13407,300.20999,25238863.0,-0.012337
2023-10-02,META,13407,306.82001,16214213.0,0.022018
2023-10-02,META,21413,9.5,120750.0,0.00211
2023-10-03,META,13407,300.94,17318063.0,-0.019164
2023-10-03,META,21413,9.32,277314.0,-0.018947
2023-10-04,META,21413,9.45,671984.0,0.013949
2023-10-04,META,13407,305.57999,16852143.0,0.015418
2023-10-05,META,21413,9.47,267194.0,0.002116
2023-10-05,META,13407,304.79001,19077886.0,-0.002585
2023-10-06,META,13407,315.42999,21756008.0,0.034909
2023-10-06,META,21413,9.64,202768.0,0.017951
2023-10-09,META,21413,9.65,449293.0,0.001037
2023-10-09,META,13407,318.35999,22436035.0,0.009289
2023-10-10,META,21413,9.78,468865.0,0.013472
2023-10-10,META,13407,321.84,19000066.0,0.010931
2023-10-11,META,21413,9.87,104705.0,0.009202
2023-10-11,META,13407,327.82001,21983601.0,0.018581
2023-10-12,META,21413,9.81,189704.0,-0.006079
2023-10-12,META,13407,324.16,20452628.0,-0.011165
2023-10-13,META,21413,9.62,125431.0,-0.019368
2023-10-13,META,13407,314.69,21312308.0,-0.029214
2023-10-16,META,13407,321.14999,16505610.0,0.020528
2023-10-16,META,21413,9.75,148958.0,0.013514
2023-10-17,META,13407,324.0,16342999.0,0.008874
2023-10-17,META,21413,9.75,268012.0,0.0
2023-10-18,META,13407,316.97,17502612.0,-0.021698
2023-10-18,META,21413,9.56,166147.0,-0.019487
2023-10-19,META,13407,312.81,18658947.0,-0.013124
2023-10-19,META,21413,9.54,267434.0,-0.002092
2023-10-20,META,13407,308.64999,22266515.0,-0.013299
2023-10-20,META,21413,9.42,235600.0,-0.012579
2023-10-23,META,13407,314.01001,17758556.0,0.017366
2023-10-23,META,21413,9.39,266845.0,-0.003185
2023-10-24,META,13407,312.54999,19469637.0,-0.00465
2023-10-24,META,21413,9.59,131583.0,0.021299
2023-10-25,META,13407,299.53,42086671.0,-0.041657
2023-10-25,META,21413,9.27,183294.0,-0.033368
2023-10-26,META,21413,9.14,197340.0,-0.014024
2023-10-26,META,13407,288.35001,66364626.0,-0.037325
2023-10-27,META,13407,296.73001,29398945.0,0.029062
2023-10-27,META,21413,9.17,199422.0,0.003282
2023-10-30,META,13407,302.66,28290606.0,0.019985
2023-10-30,META,21413,9.31,174461.0,0.015267
2023-10-31,META,13407,301.26999,19278933.0,-0.004593
2023-10-31,META,21413,9.35,139364.0,0.004296
2023-11-01,META,13407,311.85001,20176861.0,0.035118
2023-11-01,META,21413,9.43,242630.0,0.008556
2023-11-02,META,21413,9.68,388117.0,0.026511
2023-11-02,META,13407,310.87,21396255.0,-0.003143
2023-11-03,META,13407,314.60001,16638735.0,0.011999
2023-11-03,META,21413,9.92,154893.0,0.024793
2023-11-06,META,21413,9.9,127741.0,-0.002016
2023-11-06,META,13407,315.79999,12755163.0,0.003814
2023-11-07,META,21413,10.06,157294.0,0.016162
2023-11-07,META,13407,318.82001,13956503.0,0.009563
2023-11-08,META,21413,10.2,241649.0,0.013916
2023-11-08,META,13407,319.78,13518534.0,0.003011
2023-11-09,META,13407,320.54999,15976328.0,0.002408
2023-11-09,META,21413,10.1,142996.0,-0.009804
2023-11-10,META,13407,328.76999,18924142.0,0.025643
2023-11-10,META,21413,10.31,145265.0,0.020792
2023-11-13,META,21413,10.3,165880.0,-0.00097
2023-11-13,META,13407,329.19,16759756.0,0.001278
2023-11-14,META,13407,336.31,17044011.0,0.021629
2023-11-14,META,21413,10.53,384025.0,0.02233
2023-11-15,META,21413,10.61,179678.0,0.007597
2023-11-15,META,13407,332.70999,14408466.0,-0.010704
2023-11-16,META,21413,10.55,174208.0,-0.005655
2023-11-16,META,13407,334.19,18761468.0,0.004448
2023-11-17,META,21413,10.54,119015.0,-0.000948
2023-11-17,META,13407,335.04001,14427805.0,0.002543
2023-11-20,META,13407,339.97,16872554.0,0.014715
2023-11-20,META,21413,10.66,167928.0,0.011385
2023-11-21,META,21413,10.55,252431.0,-0.010319
2023-11-21,META,13407,336.98001,11957728.0,-0.008795
2023-11-22,META,21413,10.59,221994.0,0.003791
2023-11-22,META,13407,341.48999,10650124.0,0.013384
2023-11-24,META,21413,10.59,70412.0,0.0
2023-11-24,META,13407,338.23001,5436297.0,-0.009546
2023-11-27,META,13407,334.70001,15616514.0,-0.010437
2023-11-27,META,21413,10.6,576616.0,0.000944
2023-11-28,META,13407,338.98999,12568953.0,0.012817
2023-11-28,META,21413,10.65,141875.0,0.004717
2023-11-29,META,13407,332.20001,15951391.0,-0.02003
2023-11-29,META,21413,10.67,254407.0,0.001878
2023-11-30,META,13407,327.14999,22983622.0,-0.015202
2023-11-30,META,21413,10.65,267488.0,-0.001874
2023-12-01,META,13407,324.82001,15113924.0,-0.007122
2023-12-01,META,21413,10.77,190828.0,0.011268
2023-12-04,META,13407,320.01999,18879949.0,-0.014778
2023-12-04,META,21413,10.72,237293.0,-0.004643
2023-12-05,META,13407,318.29001,16852754.0,-0.005406
2023-12-05,META,21413,10.69,193145.0,-0.002799
2023-12-06,META,13407,317.45001,11259885.0,-0.002639
2023-12-06,META,21413,10.63,235245.0,-0.005613
2023-12-07,META,13407,326.59,15765189.0,0.028792
2023-12-07,META,21413,10.76,178475.0,0.01223
2023-12-08,META,13407,332.75,13979545.0,0.018862
2023-12-08,META,21413,10.86,147485.0,0.009294
2023-12-11,META,13407,325.28,25398497.0,-0.022449
2023-12-11,META,21413,10.86,136068.0,0.0
2023-12-12,META,13407,334.22,18313958.0,0.027484
2023-12-12,META,21413,10.99,223882.0,0.011971
2023-12-13,META,13407,334.73999,16225953.0,0.001556
2023-12-13,META,21413,11.18,317420.0,0.017289
2023-12-14,META,13407,333.17001,19306034.0,-0.00469
2023-12-14,META,21413,11.33,300944.0,0.013417
2023-12-15,META,13407,334.92001,31542795.0,0.005253
2023-12-15,META,21413,11.33,379464.0,0.0
2023-12-18,META,13407,344.62,19000716.0,0.028962
2023-12-18,META,21413,11.35,310554.0,0.001765
2023-12-19,META,13407,350.35999,17520532.0,0.016656
2023-12-19,META,21413,11.45,266087.0,0.008811
2023-12-20,META,13407,349.28,16145992.0,-0.003083
2023-12-20,META,21413,11.22,310381.0,-0.020087
2023-12-21,META,21413,11.45,268076.0,0.020499
2023-12-21,META,13407,354.09,15128123.0,0.013771
2023-12-22,META,13407,353.39001,11607260.0,-0.001977
2023-12-22,META,21413,11.41,301735.0,-0.003493
2023-12-26,META,13407,354.82999,9776404.0,0.004075
2023-12-26,META,21413,11.55,344222.0,0.01227
2023-12-27,META,13407,357.82999,13059346.0,0.008455
2023-12-27,META,21413,11.55,165478.0,0.001656
2023-12-28,META,13407,358.32001,11702503.0,0.001369
2023-12-28,META,21413,11.61,223626.0,0.005195
2023-12-29,META,13407,353.95999,14781069.0,-0.012168
2023-12-29,META,21413,11.51,222922.0,-0.008613
2024-01-02,META,13407,346.29001,18883316.0,-0.021669
2024-01-02,META,21413,11.17,300283.0,-0.02954
2024-01-03,META,13407,344.47,15259691.0,-0.005256
2024-01-03,META,21413,11.01,613802.0,-0.014324
2024-01-04,META,21413,10.98,286507.0,-0.002725
2024-01-04,META,13407,347.12,11966122.0,0.007693
2024-01-05,META,21413,10.98,334686.0,0.0
2024-01-05,META,13407,351.95001,13447017.0,0.013915
2024-01-08,META,13407,358.66,13762777.0,0.019065
2024-01-08,META,21413,11.24,193071.0,0.023679
2024-01-09,META,13407,357.42999,13337302.0,-0.003429
2024-01-09,META,21413,11.17,174992.0,-0.006228
2024-01-10,META,13407,370.47,21896582.0,0.036483
2024-01-10,META,21413,11.25,127817.0,0.007162
2024-01-11,META,13407,369.67001,17036639.0,-0.002159
2024-01-11,META,21413,11.25,164123.0,0.0
2024-01-12,META,13407,374.48999,19142940.0,0.013039
2024-01-12,META,21413,11.2,133133.0,-0.004444
2024-01-16,META,13407,367.45999,15108355.0,-0.018772
2024-01-16,META,21413,11.08,589662.0,-0.010714
2024-01-17,META,13407,368.37,12542556.0,0.002476
2024-01-17,META,21413,10.98,153687.0,-0.009025
2024-01-18,META,13407,376.13,16210698.0,0.021066
2024-01-18,META,21413,11.19,225902.0,0.019126
2024-01-19,META,13407,383.45001,21479920.0,0.019461
2024-01-19,META,21413,11.39,353860.0,0.017873
2024-01-22,META,13407,381.78,17500195.0,-0.004355
2024-01-22,META,21413,11.47,272340.0,0.007024
2024-01-23,META,13407,385.20001,15343656.0,0.008958
2024-01-23,META,21413,11.57,266923.0,0.008718
2024-01-24,META,13407,390.70001,15432549.0,0.014278
2024-01-24,META,21413,11.64,340892.0,0.00605
2024-01-25,META,13407,393.17999,14911520.0,0.006348
2024-01-25,META,21413,11.67,195074.0,0.002577
2024-01-26,META,13407,394.14001,13005203.0,0.002442
2024-01-26,META,21413,11.59,489295.0,-0.006855
2024-01-29,META,13407,401.01999,18438522.0,0.017456
2024-01-29,META,21413,11.74,242916.0,0.012942
2024-01-30,META,13407,400.06,18365718.0,-0.002394
2024-01-30,META,21413,11.56,188607.0,-0.015332
2024-01-31,META,21413,11.34,215204.0,-0.019031
2024-01-31,META,13407,390.14001,19820791.0,-0.024796
2024-02-01,META,21413,11.45,286721.0,0.0097
2024-02-01,META,13407,394.78,29004110.0,0.011893
2024-02-02,META,21413,11.79,307323.0,0.029694
2024-02-02,META,13407,474.98999,83620515.0,0.203176
2024-02-05,META,21413,11.74,427887.0,-0.004241
2024-02-05,META,13407,459.41,40401681.0,-0.032801
2024-02-06,META,21413,11.83,327777.0,0.007666
2024-02-06,META,13407,454.72,21360366.0,-0.010209
2024-02-07,META,21413,11.96,265992.0,0.010989
2024-02-07,META,13407,469.59,22849441.0,0.032701
2024-02-08,META,13407,470.0,18531007.0,0.000873
2024-02-08,META,21413,12.14,366778.0,0.01505
2024-02-09,META,21413,12.29,362789.0,0.012356
2024-02-09,META,13407,468.10999,18133545.0,-0.004021
2024-02-12,META,21413,12.41,454927.0,0.009764
2024-02-12,META,13407,468.89999,19102625.0,0.001688
2024-02-13,META,21413,12.06,280246.0,-0.028203
2024-02-13,META,13407,460.12,20668775.0,-0.018725
2024-02-14,META,13407,473.28,16692243.0,0.028601
2024-02-14,META,21413,12.29,180907.0,0.019071
2024-02-15,META,13407,484.03,23962771.0,0.022714
2024-02-15,META,21413,12.32,190171.0,0.002441
2024-02-16,META,13407,473.32001,23242335.0,-0.022127
2024-02-16,META,21413,12.15,224712.0,-0.013799
2024-02-20,META,13407,471.75,17822291.0,-0.003317
2024-02-20,META,21413,11.96,416894.0,-0.015638
2024-02-21,META,13407,468.03,12835983.0,-0.006826
2024-02-21,META,21413,11.85,225015.0,-0.009197
2024-02-22,META,13407,486.13,21450472.0,0.038673
2024-02-22,META,21413,12.25,282847.0,0.033755
2024-02-23,META,13407,484.03,18189285.0,-0.00432
2024-02-23,META,21413,12.23,223465.0,-0.001633
2024-02-26,META,21413,12.27,215522.0,0.003271
2024-02-26,META,13407,481.73999,11989299.0,-0.004731
2024-02-27,META,13407,487.04999,10678860.0,0.011023
2024-02-27,META,21413,12.24,244226.0,-0.002445
2024-02-28,META,21413,12.1,214206.0,-0.011438
2024-02-28,META,13407,484.01999,12651782.0,-0.006221
2024-02-29,META,21413,12.21,357325.0,0.009091
2024-02-29,META,13407,490.13,17555252.0,0.012624
2024-03-01,META,21413,12.48,260930.0,0.022113
2024-03-01,META,13407,502.29999,15795848.0,0.02483
2024-03-04,META,21413,12.43,264278.0,-0.004006
2024-03-04,META,13407,498.19,12164571.0,-0.008182
2024-03-05,META,21413,12.21,350641.0,-0.017699
2024-03-05,META,13407,490.22,15103002.0,-0.015998
2024-03-06,META,21413,12.41,340180.0,0.01638
2024-03-06,META,13407,496.09,11594807.0,0.011974
2024-03-07,META,13407,512.19,18326316.0,0.032454
2024-03-07,META,21413,12.65,364595.0,0.019339
2024-03-08,META,21413,12.48,446634.0,-0.013439
2024-03-08,META,13407,505.95001,18413301.0,-0.012183
2024-03-11,META,21413,12.42,172425.0,-0.004808
2024-03-11,META,13407,483.59,20064784.0,-0.044194
2024-03-12,META,21413,12.62,244381.0,0.016103
2024-03-12,META,13407,499.75,15281338.0,0.033417
2024-03-13,META,13407,495.57001,11911181.0,-0.008364
2024-03-13,META,21413,12.53,194444.0,-0.007132
2024-03-14,META,21413,12.43,186859.0,-0.007981
2024-03-14,META,13407,491.82999,12457391.0,-0.007547
2024-03-15,META,21413,12.25,122772.0,-0.014481
2024-03-15,META,13407,484.10001,29240064.0,-0.015717
2024-03-18,META,13407,496.98001,11646141.0,0.026606
2024-03-18,META,21413,12.28,191835.0,0.002449
2024-03-19,META,21413,12.27,221707.0,-0.000814
2024-03-19,META,13407,496.23999,10803219.0,-0.001489
2024-03-20,META,13407,505.51999,11621104.0,0.018701
2024-03-20,META,21413,12.49,316492.0,0.01793
2024-03-21,META,13407,507.76001,9563425.0,0.004431
2024-03-21,META,21413,12.47,222794.0,-0.001601
2024-03-22,META,21413,12.47,91143.0,0.0
2024-03-22,META,13407,509.57999,8039389.0,0.003584
2024-03-25,META,13407,503.01999,8310727.0,-0.012873
2024-03-25,META,21413,12.44,140050.0,-0.002406
2024-03-26,META,13407,495.89001,11085984.0,-0.014174
2024-03-26,META,21413,12.39,200874.0,-0.004019
2024-03-27,META,21413,12.44,150530.0,0.004035
2024-03-27,META,13407,493.85999,9859400.0,-0.004094
2024-03-28,META,21413,12.43,152828.0,-0.000804
2024-03-28,META,13407,485.57999,15015421.0,-0.016766
2024-04-01,META,13407,491.35001,9152673.0,0.011883
2024-04-01,META,21413,12.46,205874.0,0.002413
2024-04-02,META,13407,497.37,10949708.0,0.012252
2024-04-02,META,21413,12.36,180641.0,-0.008026
2024-04-03,META,13407,506.73999,12079432.0,0.018839
2024-04-03,META,21413,12.35,121901.0,-0.000809
2024-04-04,META,13407,510.92001,26225013.0,0.008249
2024-04-04,META,21413,12.2,233704.0,-0.012146
2024-04-05,META,13407,527.34003,19165115.0,0.032138
2024-04-05,META,21413,12.33,156803.0,0.010656
2024-04-08,META,21413,12.35,129185.0,0.001622
2024-04-08,META,13407,519.25,13132332.0,-0.015341
2024-04-09,META,21413,12.43,146758.0,0.006478
2024-04-09,META,13407,516.90002,10782120.0,-0.004526
2024-04-10,META,13407,519.83002,11286515.0,0.005668
2024-04-10,META,21413,12.31,166934.0,-0.009654
2024-04-11,META,21413,12.48,90540.0,0.01381
2024-04-11,META,13407,523.15997,10272782.0,0.006406
2024-04-12,META,13407,511.89999,11860388.0,-0.021523
2024-04-12,META,21413,12.19,240510.0,-0.023237
2024-04-15,META,13407,500.23001,13410865.0,-0.022797
2024-04-15,META,21413,11.92,263399.0,-0.022149
2024-04-16,META,13407,499.76001,9763137.0,-0.00094
2024-04-16,META,21413,11.91,165655.0,-0.000839
2024-04-17,META,13407,494.17001,12085986.0,-0.011185
2024-04-17,META,21413,11.75,147926.0,-0.013434
2024-04-18,META,13407,501.79999,14631579.0,0.01544
2024-04-18,META,21413,11.72,187561.0,-0.002553
2024-04-19,META,13407,481.07001,25459400.0,-0.041311
2024-04-19,META,21413,11.46,264358.0,-0.022184
2024-04-22,META,13407,481.73001,17032858.0,0.001372
2024-04-22,META,21413,11.6,414291.0,0.012216
2024-04-23,META,21413,11.77,96250.0,0.014655
2024-04-23,META,13407,496.10001,14938574.0,0.02983
2024-04-24,META,13407,493.5,36977437.0,-0.005241
2024-04-24,META,21413,11.78,175272.0,0.00085
2024-04-25,META,13407,441.38,81667702.0,-0.105613
2024-04-25,META,21413,11.715,144973.0,-0.005518
2024-04-26,META,13407,443.29001,32364238.0,0.004327
2024-04-26,META,21413,11.99,226311.0,0.023474
2024-04-29,META,13407,432.62,21324136.0,-0.02407
2024-04-29,META,21413,12.05,141025.0,0.005004
2024-04-30,META,21413,11.87,131889.0,-0.014938
2024-04-30,META,13407,430.17001,18180167.0,-0.005663
2024-05-01,META,21413,11.83,106007.0,-0.00337
2024-05-01,META,13407,439.19,19980276.0,0.020968
2024-05-02,META,13407,441.67999,14969995.0,0.00567
2024-05-02,META,21413,12.12,243073.0,0.024514
2024-05-03,META,13407,451.95999,16267789.0,0.023275
2024-05-03,META,21413,12.4,253957.0,0.023102
2024-05-06,META,13407,465.67999,14922629.0,0.030357
2024-05-06,META,21413,12.55,245289.0,0.012097
2024-05-07,META,13407,468.23999,13185822.0,0.005497
2024-05-07,META,21413,12.49,253384.0,-0.004781
2024-05-08,META,13407,472.60001,11506799.0,0.009312
2024-05-08,META,21413,12.35,278239.0,-0.011209
2024-05-09,META,21413,12.18,221944.0,-0.013765
2024-05-09,META,13407,475.42001,9309587.0,0.005967
2024-05-10,META,13407,476.20001,10605362.0,0.001641
2024-05-10,META,21413,12.11,163203.0,-0.005747
2024-05-13,META,21413,12.19,178114.0,0.006606
2024-05-13,META,13407,468.01001,14431121.0,-0.017199
2024-05-14,META,13407,471.85001,10301422.0,0.008205
2024-05-14,META,21413,12.32,214165.0,0.010665
2024-05-15,META,13407,481.54001,12933050.0,0.020536
2024-05-15,META,21413,12.52,188522.0,0.016234
2024-05-16,META,21413,12.51,358446.0,-0.000799
2024-05-16,META,13407,473.23001,16507134.0,-0.017257
2024-05-17,META,21413,12.5,160571.0,-0.000799
2024-05-17,META,13407,471.91,10652368.0,-0.002789
2024-05-20,META,13407,468.84,11616309.0,-0.006505
2024-05-20,META,21413,12.55,206362.0,0.004
2024-05-21,META,13407,464.63,11559584.0,-0.00898
2024-05-21,META,21413,12.46,164337.0,-0.007171
2024-05-22,META,21413,12.45,184368.0,-0.000803
2024-05-22,META,13407,467.78,9915621.0,0.00678
2024-05-23,META,21413,12.33,275808.0,-0.009639
2024-05-23,META,13407,465.78,11609429.0,-0.004276
2024-05-24,META,13407,478.22,11900102.0,0.026708
2024-05-24,META,21413,12.46,111154.0,0.010543
2024-05-28,META,13407,479.92001,10028653.0,0.003555
2024-05-28,META,21413,12.54,266956.0,0.006421
2024-05-29,META,21413,12.41,179880.0,-0.010367
2024-05-29,META,13407,474.35999,9121768.0,-0.011585
2024-05-30,META,21413,12.31,212479.0,-0.008058
2024-05-30,META,13407,467.04999,10559928.0,-0.01541
2024-05-31,META,13407,466.82999,16656127.0,-0.000471
2024-05-31,META,21413,12.3,210196.0,-0.000812
2024-06-03,META,21413,12.45,245971.0,0.012195
2024-06-03,META,13407,477.48999,11078177.0,0.022835
2024-06-04,META,21413,12.52,216382.0,0.005623
2024-06-04,META,13407,476.98999,6968857.0,-0.001047
2024-06-05,META,21413,12.8,347471.0,0.022364
2024-06-05,META,13407,495.06,15430294.0,0.037883
2024-06-06,META,21413,12.81,230668.0,0.000781
2024-06-06,META,13407,493.76001,10537855.0,-0.002626
2024-06-07,META,21413,12.75,173408.0,-0.004684
2024-06-07,META,13407,492.95999,9331238.0,-0.00162
2024-06-10,META,21413,12.78,241976.0,0.002353
2024-06-10,META,13407,502.60001,11121229.0,0.019555
2024-06-11,META,21413,12.84,220171.0,0.004695
2024-06-11,META,13407,507.47,9605235.0,0.00969
2024-06-12,META,21413,13.08,343443.0,0.018692
2024-06-12,META,13407,508.84,11867294.0,0.0027
2024-06-13,META,21413,13.03,227289.0,-0.003823
2024-06-13,META,13407,504.10001,9896972.0,-0.009315
2024-06-14,META,21413,13.04,139757.0,0.000767
2024-06-14,META,13407,504.16,10706036.0,0.001111
2024-06-17,META,13407,506.63,11273133.0,0.004899
2024-06-17,META,21413,13.18,246989.0,0.010736
2024-06-18,META,13407,499.48999,12940844.0,-0.014093
2024-06-18,META,21413,13.22,214160.0,0.003035
2024-06-20,META,13407,501.70001,11707588.0,0.004425
2024-06-20,META,21413,13.08,255080.0,-0.01059
2024-06-21,META,13407,494.78,23016308.0,-0.013793
2024-06-21,META,21413,13.04,225232.0,-0.003058
2024-06-24,META,21413,12.86,248800.0,-0.013804
2024-06-24,META,13407,498.91,13381115.0,0.008347
2024-06-25,META,21413,13.03,195724.0,0.013219
2024-06-25,META,13407,510.60001,11998856.0,0.023431
2024-06-26,META,13407,513.12,8818895.0,0.004935
2024-06-26,META,21413,13.12,169681.0,0.006907
2024-06-27,META,21413,13.16,161639.0,0.003049
2024-06-27,META,13407,519.56,10337649.0,0.012551
2024-06-28,META,13407,504.22,15646749.0,-0.029525
2024-06-28,META,21413,13.05,148828.0,-0.008359
2024-07-01,META,13407,504.67999,10192012.0,0.000912
2024-07-01,META,21413,13.07,180363.0,0.001533
2024-07-02,META,13407,509.5,7685330.0,0.009551
2024-07-02,META,21413,13.17,156968.0,0.007651
2024-07-03,META,13407,509.95999,5976196.0,0.000903
2024-07-03,META,21413,13.21,105390.0,0.003037
2024-07-05,META,13407,539.90997,21244571.0,0.05873
2024-07-05,META,21413,13.32,231118.0,0.008327
2024-07-08,META,13407,529.32001,14804377.0,-0.019614
2024-07-08,META,21413,13.39,299050.0,0.005255
2024-07-09,META,21413,13.44,184196.0,0.003734
2024-07-09,META,13407,530.0,8706449.0,0.001285
2024-07-10,META,13407,534.69,10908410.0,0.008849
2024-07-10,META,21413,13.6,227234.0,0.011905
2024-07-11,META,21413,13.44,282093.0,-0.011765
2024-07-11,META,13407,512.70001,16325448.0,-0.041127
2024-07-12,META,13407,498.87,19516292.0,-0.026975
2024-07-12,META,21413,13.58,238627.0,0.010417
2024-07-15,META,13407,496.16,12413918.0,-0.005432
2024-07-15,META,21413,13.68,323009.0,0.007364
2024-07-16,META,21413,13.72,226276.0,0.002924
2024-07-16,META,13407,489.79001,13961894.0,-0.012839
2024-07-17,META,21413,13.32,366690.0,-0.029155
2024-07-17,META,13407,461.98999,27798901.0,-0.056759
2024-07-18,META,21413,13.16,296532.0,-0.012012
2024-07-18,META,13407,475.85001,19078092.0,0.030001
2024-07-19,META,13407,476.79001,14958386.0,0.001975
2024-07-19,META,21413,13.13,193111.0,-0.00228
2024-07-22,META,13407,487.39999,11869081.0,0.022253
2024-07-22,META,21413,13.31,295789.0,0.013709
2024-07-23,META,13407,488.69,9359551.0,0.002647
2024-07-23,META,21413,13.27,132235.0,-0.003005
2024-07-24,META,13407,461.26999,17504839.0,-0.056109
2024-07-24,META,21413,12.82,168552.0,-0.033911
2024-07-25,META,21413,12.68,368294.0,-0.01092
2024-07-25,META,13407,453.41,18045672.0,-0.01704
2024-07-26,META,21413,12.84,196377.0,0.012618
2024-07-26,META,13407,465.70001,14088831.0,0.027106
2024-07-29,META,13407,465.70999,11160332.0,2.1e-05
2024-07-29,META,21413,12.82,207070.0,-0.001558
2024-07-30,META,21413,12.71,296387.0,-0.00858
2024-07-30,META,13407,463.19,11278825.0,-0.005411
2024-07-31,META,21413,13.02,156108.0,0.02439
2024-07-31,META,13407,474.82999,23831442.0,0.02513
2024-08-01,META,21413,12.56,156820.0,-0.03533
2024-08-01,META,13407,497.73999,42570763.0,0.048249
2024-08-02,META,21413,12.16,316659.0,-0.031847
2024-08-02,META,13407,488.14001,23774173.0,-0.019287
2024-08-05,META,21413,11.77,558599.0,-0.032072
2024-08-05,META,13407,475.73001,21197295.0,-0.025423
2024-08-06,META,13407,494.09,20753121.0,0.038593
2024-08-06,META,21413,11.74,339216.0,-0.002549
2024-08-07,META,21413,11.59,230749.0,-0.012777
2024-08-07,META,13407,488.92001,19793283.0,-0.010464
2024-08-08,META,13407,509.63,16035291.0,0.042359
2024-08-08,META,21413,12.01,126972.0,0.036238
2024-08-09,META,13407,517.77002,13604677.0,0.015972
2024-08-09,META,21413,12.14,123489.0,0.010824
2024-08-12,META,21413,12.17,154133.0,0.002471
2024-08-12,META,13407,515.95001,9672072.0,-0.003515
2024-08-13,META,13407,528.53998,13718930.0,0.024402
2024-08-13,META,21413,12.51,185974.0,0.027938
2024-08-14,META,13407,526.76001,11376055.0,-0.003368
2024-08-14,META,21413,12.45,74481.0,-0.004796
2024-08-15,META,13407,537.33002,13351444.0,0.020066
2024-08-15,META,21413,12.68,87059.0,0.018474
2024-08-16,META,21413,12.77,117319.0,0.007098
2024-08-16,META,13407,527.41998,14728374.0,-0.018443
2024-08-19,META,13407,529.28003,9792410.0,0.003527
2024-08-19,META,21413,12.93,126734.0,0.012529
2024-08-20,META,21413,12.87,164328.0,-0.00464
2024-08-20,META,13407,526.72998,7947878.0,-0.004818
2024-08-21,META,13407,535.15997,13327938.0,0.016004
2024-08-21,META,21413,13.07,122072.0,0.01554
2024-08-22,META,13407,531.92999,15597469.0,-0.006036
2024-08-22,META,21413,12.86,173307.0,-0.016067
2024-08-23,META,13407,528.0,11179379.0,-0.007388
2024-08-23,META,21413,13.12,229230.0,0.020218
2024-08-26,META,21413,13.0,172677.0,-0.009146
2024-08-26,META,13407,521.12,9504818.0,-0.01303
2024-08-27,META,21413,12.99,186047.0,-0.000769
2024-08-27,META,13407,519.09998,6239977.0,-0.003876
2024-08-28,META,13407,516.78003,9034156.0,-0.004469
2024-08-28,META,21413,12.79,164973.0,-0.015396
2024-08-29,META,21413,12.8,287385.0,0.000782
2024-08-29,META,13407,518.21997,8228847.0,0.002786
2024-08-30,META,13407,521.31,9099263.0,0.005963
2024-08-30,META,21413,12.89,109681.0,0.007031
2024-09-03,META,21413,12.49,156568.0,-0.031032
2024-09-03,META,13407,511.76001,12288806.0,-0.018319
2024-09-04,META,21413,12.45,91799.0,-0.003203
2024-09-04,META,13407,512.73999,8253375.0,0.001915
2024-09-05,META,21413,12.49,136327.0,0.003213
2024-09-05,META,13407,516.85999,8510861.0,0.008035
2024-09-06,META,13407,500.26999,14594048.0,-0.032098
2024-09-06,META,21413,12.14,117097.0,-0.028022
2024-09-09,META,13407,504.79001,10986400.0,0.009035
2024-09-09,META,21413,12.33,68078.0,0.015651
2024-09-10,META,21413,12.4,53560.0,0.005677
2024-09-10,META,13407,504.79001,9831063.0,0.0
2024-09-11,META,13407,511.82999,10778407.0,0.013946
2024-09-11,META,21413,12.61,83596.0,0.016936
2024-09-12,META,13407,525.59998,11920049.0,0.026903
2024-09-12,META,21413,12.75,89732.0,0.011102
2024-09-13,META,21413,12.86,105709.0,0.008627
2024-09-13,META,13407,524.62,10246905.0,-0.001865
2024-09-16,META,13407,533.28003,9446051.0,0.01746
2024-09-16,META,21413,12.8,114105.0,-0.004666
2024-09-17,META,21413,12.8,117242.0,0.0
2024-09-17,META,13407,536.315,12033492.0,0.005691
2024-09-18,META,13407,537.95001,10251167.0,0.003049
2024-09-18,META,21413,12.76,90952.0,-0.003125
2024-09-19,META,21413,13.12,185663.0,0.028213
2024-09-19,META,13407,559.09998,15528352.0,0.039316
2024-09-20,META,13407,561.34998,22002709.0,0.004024
2024-09-20,META,21413,13.08,89184.0,-0.003049
2024-09-23,META,21413,13.2,215811.0,0.009174
2024-09-23,META,13407,564.40997,12742763.0,0.005451
2024-09-24,META,21413,13.44,143039.0,0.018182
2024-09-24,META,13407,563.33002,12901030.0,-0.001913
2024-09-25,META,13407,568.31,16387834.0,0.00884
2024-09-25,META,21413,13.38,260895.0,-0.004464
2024-09-26,META,21413,13.63,231440.0,0.018685
2024-09-26,META,13407,567.84003,14277540.0,-0.000827
2024-09-27,META,21413,13.58,177484.0,-0.003668
2024-09-27,META,13407,567.35999,9310429.0,-0.000845
2024-09-30,META,21413,13.49,171092.0,-0.006627
2024-09-30,META,13407,572.44,12712300.0,0.008954
2024-10-01,META,13407,576.46997,15140763.0,0.00704
2024-10-01,META,21413,13.3,153172.0,-0.014085
2024-10-02,META,13407,572.81,6480938.0,-0.006349
2024-10-02,META,21413,13.32,158683.0,0.001504
2024-10-03,META,21413,13.21,192259.0,-0.008258
2024-10-03,META,13407,582.77002,11479762.0,0.017388
2024-10-04,META,21413,13.4,384298.0,0.014383
2024-10-04,META,13407,595.94,14104078.0,0.022599
2024-10-07,META,21413,13.33,146723.0,-0.005224
2024-10-07,META,13407,584.78003,11900711.0,-0.018727
2024-10-08,META,21413,13.32,233466.0,-0.00075
2024-10-08,META,13407,592.89001,7836601.0,0.013868
2024-10-09,META,21413,13.35,119421.0,0.002252
2024-10-09,META,13407,590.51001,9461425.0,-0.004014
2024-10-10,META,21413,13.31,105398.0,-0.002996
2024-10-10,META,13407,583.83002,7667460.0,-0.011312
2024-10-11,META,13407,589.95001,8520967.0,0.010483
2024-10-11,META,21413,13.48,100635.0,0.012772
2024-10-14,META,13407,590.41998,8187549.0,0.000797
2024-10-14,META,21413,13.54,170033.0,0.004451
2024-10-15,META,21413,13.4,161011.0,-0.01034
2024-10-15,META,13407,586.27002,9473002.0,-0.007029
2024-10-16,META,21413,13.44,64139.0,0.002985
2024-10-16,META,13407,576.78998,11183514.0,-0.01617
2024-10-17,META,13407,576.92999,8637089.0,0.000243
2024-10-17,META,21413,13.36,72269.0,-0.005952
2024-10-18,META,21413,13.5,167297.0,0.010479
2024-10-18,META,13407,576.46997,7623713.0,-0.000797
2024-10-21,META,21413,13.49,96428.0,-0.000741
2024-10-21,META,13407,575.15997,8093119.0,-0.002272
2024-10-22,META,21413,13.46,116713.0,-0.002224
2024-10-22,META,13407,582.01001,8502834.0,0.01191
2024-10-23,META,21413,13.23,120613.0,-0.017088
2024-10-23,META,13407,563.69,14133747.0,-0.031477
2024-10-24,META,21413,13.27,101281.0,0.003024
2024-10-24,META,13407,567.78003,7110149.0,0.007256
2024-10-25,META,21413,13.28,123624.0,0.000754
2024-10-25,META,13407,573.25,11256435.0,0.009634
2024-10-28,META,13407,578.15997,10829970.0,0.008565
2024-10-28,META,21413,13.42,104719.0,0.010542
2024-10-29,META,13407,593.28003,12911472.0,0.026152
2024-10-29,META,21413,13.57,136115.0,0.011177
2024-10-30,META,13407,591.79999,26573140.0,-0.002495
2024-10-30,META,21413,13.52,90639.0,-0.003685
2024-10-31,META,13407,567.58002,26545150.0,-0.040926
2024-10-31,META,21413,13.38,269654.0,-0.010355
2024-11-01,META,13407,567.15997,15101459.0,-0.00074
2024-11-01,META,21413,13.45,105216.0,0.005232
2024-11-04,META,13407,560.67999,11961526.0,-0.011425
2024-11-04,META,21413,13.31,78147.0,-0.010409
2024-11-05,META,21413,13.51,106193.0,0.015026
2024-11-05,META,13407,572.42999,9678390.0,0.020957
2024-11-06,META,13407,572.04999,18164905.0,-0.000664
2024-11-06,META,21413,13.82,356529.0,0.022946
2024-11-07,META,13407,591.70001,14543869.0,0.03435
2024-11-07,META,21413,14.2,293980.0,0.027496
2024-11-08,META,13407,589.34003,9353016.0,-0.003988
2024-11-08,META,21413,14.0,123978.0,-0.014085
2024-11-11,META,13407,583.16998,10135340.0,-0.010469
2024-11-11,META,21413,14.22,337280.0,0.015714
2024-11-12,META,13407,584.82001,16183519.0,0.002829
2024-11-12,META,21413,14.13,99046.0,-0.006329
2024-11-13,META,13407,580.0,10690784.0,-0.008242
2024-11-13,META,21413,13.98,200085.0,-0.010616
2024-11-14,META,13407,577.15997,10981149.0,-0.004897
2024-11-14,META,21413,13.96,146676.0,-0.001431
2024-11-15,META,13407,554.08002,17564440.0,-0.039989
2024-11-15,META,21413,13.76,93587.0,-0.014327
2024-11-18,META,13407,554.40002,14232477.0,0.000578
2024-11-18,META,21413,13.93,221958.0,0.012355
2024-11-19,META,21413,14.07,119043.0,0.01005
2024-11-19,META,13407,561.09003,9463447.0,0.012067
2024-11-20,META,21413,14.07,132042.0,0.0
2024-11-20,META,13407,565.52002,9730396.0,0.007895
2024-11-21,META,21413,14.18,396525.0,0.007818
2024-11-21,META,13407,563.09003,11007128.0,-0.004297
2024-11-22,META,21413,14.18,151612.0,0.0
2024-11-22,META,13407,559.14001,9082981.0,-0.007015
2024-11-25,META,21413,14.32,477100.0,0.009873
2024-11-25,META,13407,565.10999,13545213.0,0.010677
2024-11-26,META,21413,14.24,259957.0,-0.005587
2024-11-26,META,13407,573.53998,10316302.0,0.014917
2024-11-27,META,21413,14.36,186680.0,0.008427
2024-11-27,META,13407,569.20001,7146785.0,-0.007567
2024-11-29,META,13407,574.32001,7099196.0,0.008995
2024-11-29,META,21413,14.5,160028.0,0.009749
2024-12-02,META,13407,592.83002,12468236.0,0.032229
2024-12-02,META,21413,14.71,256582.0,0.014483
2024-12-03,META,21413,14.8,109017.0,0.006118
2024-12-03,META,13407,613.65002,14804827.0,0.03512
2024-12-04,META,21413,15.11,339801.0,0.020946
2024-12-04,META,13407,613.78003,14574652.0,0.000212
2024-12-05,META,13407,608.92999,8034261.0,-0.007902
2024-12-05,META,21413,15.17,228688.0,0.003971
2024-12-06,META,13407,623.77002,16936960.0,0.024371
2024-12-06,META,21413,15.34,165307.0,0.011206
2024-12-09,META,21413,15.15,251774.0,-0.012386
2024-12-09,META,13407,613.57001,11354389.0,-0.016352
2024-12-10,META,21413,14.96,174816.0,-0.012541
2024-12-10,META,13407,619.32001,10880981.0,0.009371
2024-12-11,META,21413,15.31,148107.0,0.023396
2024-12-11,META,13407,632.67999,10930920.0,0.021572
2024-12-12,META,13407,630.78998,7415159.0,-0.002987
2024-12-12,META,21413,15.23,137276.0,-0.005225
2024-12-13,META,21413,15.15,144893.0,-0.005253
2024-12-13,META,13407,620.34998,8394152.0,-0.016551
2024-12-16,META,21413,15.3,216413.0,0.009901
2024-12-16,META,13407,624.23999,10800210.0,0.007077
2024-12-17,META,21413,15.23,138778.0,-0.004575
2024-12-17,META,13407,619.44,13195082.0,-0.007689
2024-12-18,META,21413,14.64,367330.0,-0.038739
2024-12-18,META,13407,597.19,16920910.0,-0.03592
2024-12-19,META,13407,595.57001,14788287.0,-0.002713
2024-12-19,META,21413,14.51,229652.0,-0.00888
2024-12-20,META,21413,14.61,448744.0,0.006892
2024-12-20,META,13407,585.25,48662317.0,-0.017328
2024-12-23,META,13407,599.84998,10110891.0,0.024947
2024-12-23,META,21413,14.68,217129.0,0.004791
2024-12-24,META,13407,607.75,4690037.0,0.01317
2024-12-24,META,21413,14.85,88892.0,0.01158
2024-12-26,META,21413,14.84,246623.0,-0.000673
2024-12-26,META,13407,603.34998,5975525.0,-0.00724
2024-12-27,META,13407,599.81,8035611.0,-0.005867
2024-12-27,META,21413,14.64,223664.0,-0.013477
2024-12-30,META,13407,591.23999,6963898.0,-0.014288
2024-12-30,META,21413,14.49,223330.0,-0.010246
2024-12-31,META,13407,585.51001,5976661.0,-0.009691
2024-12-31,META,21413,14.38,127419.0,-0.007591
